Class,TotalBrokenRules,Minor,Major,Critical,Patterns,cg-na,cg-npm
jhotdraw-actions:src/main/java/org/jhotdraw/action/AbstractApplicationAction.java,4,0.0,2.0,2.0,Bridge,4,2
jhotdraw-actions:src/main/java/org/jhotdraw/action/AbstractViewAction.java,6,0.0,3.0,3.0,Bridge,10,3
jhotdraw-actions:src/main/java/org/jhotdraw/action/edit/AbstractFindAction.java,1,0.0,1.0,0.0,,0,0
jhotdraw-actions:src/main/java/org/jhotdraw/action/edit/AbstractSelectionAction.java,4,0.0,3.0,1.0,,0,0
jhotdraw-actions:src/main/java/org/jhotdraw/action/edit/DeleteAction.java,2,0.0,1.0,1.0,,0,0
jhotdraw-actions:src/main/java/org/jhotdraw/action/edit/RedoAction.java,7,0.0,1.0,6.0,,0,0
jhotdraw-actions:src/main/java/org/jhotdraw/action/edit/UndoAction.java,7,0.0,1.0,6.0,,0,0
jhotdraw-actions:src/main/java/org/jhotdraw/action/view/ToggleViewPropertyAction.java,8,3.0,1.0,4.0,,0,0
jhotdraw-actions:src/main/java/org/jhotdraw/action/view/ViewPropertyAction.java,3,0.0,1.0,2.0,,0,0
jhotdraw-actions:src/main/java/org/jhotdraw/action/window/ArrangeWindowsAction.java,1,0.0,1.0,0.0,State,6,0
jhotdraw-actions:src/main/java/org/jhotdraw/action/window/FocusWindowAction.java,5,0.0,4.0,1.0,State,4,2
jhotdraw-actions:src/main/java/org/jhotdraw/action/window/ToggleToolBarAction.java,3,0.0,2.0,1.0,,0,0
jhotdraw-api:src/main/java/org/jhotdraw/api/gui/Arrangeable.java,1,1.0,0.0,0.0,State,0,4
jhotdraw-api:src/main/java/org/jhotdraw/api/gui/EditableComponent.java,1,0.0,1.0,0.0,,0,0
jhotdraw-app:src/main/java/org/jhotdraw/app/AbstractApplication.java,15,4.0,6.0,5.0,"Template Method, Bridge, (Object)Adapter",96,180
jhotdraw-app:src/main/java/org/jhotdraw/app/AbstractApplicationModel.java,5,3.0,2.0,0.0,"Template Method, Bridge, (Object)Adapter",96,180
jhotdraw-app:src/main/java/org/jhotdraw/app/AbstractView.java,4,0.0,2.0,2.0,,0,0
jhotdraw-app:src/main/java/org/jhotdraw/app/AppletApplication.java,3,2.0,1.0,0.0,State,3,9
jhotdraw-app:src/main/java/org/jhotdraw/app/DefaultApplicationModel.java,1,0.0,0.0,1.0,,0,0
jhotdraw-app:src/main/java/org/jhotdraw/app/DefaultMenuBuilder.java,7,1.0,0.0,6.0,,0,0
jhotdraw-app:src/main/java/org/jhotdraw/app/EmptyMenuBuilder.java,22,0.0,0.0,22.0,,0,0
jhotdraw-app:src/main/java/org/jhotdraw/app/MDIApplication.java,18,8.0,4.0,6.0,,0,0
jhotdraw-app:src/main/java/org/jhotdraw/app/OSXApplication.java,17,5.0,5.0,7.0,"State, (Object)Adapter",4,9
jhotdraw-app:src/main/java/org/jhotdraw/app/SDIApplication.java,13,7.0,2.0,4.0,,0,0
jhotdraw-app:src/main/java/org/jhotdraw/app/action/AbstractSaveUnsavedChangesAction.java,4,0.0,3.0,1.0,Template Method,2,0
jhotdraw-app:src/main/java/org/jhotdraw/app/action/app/AbstractPreferencesAction.java,1,0.0,1.0,0.0,,0,0
jhotdraw-app:src/main/java/org/jhotdraw/app/action/app/ExitAction.java,13,0.0,4.0,9.0,State,4,0
jhotdraw-app:src/main/java/org/jhotdraw/app/action/app/OpenApplicationAction.java,1,0.0,0.0,1.0,,0,0
jhotdraw-app:src/main/java/org/jhotdraw/app/action/app/OpenApplicationFileAction.java,5,0.0,3.0,2.0,,0,0
jhotdraw-app:src/main/java/org/jhotdraw/app/action/app/PrintApplicationFileAction.java,4,0.0,4.0,0.0,,0,0
jhotdraw-app:src/main/java/org/jhotdraw/app/action/app/ReOpenApplicationAction.java,2,0.0,0.0,2.0,,0,0
jhotdraw-app:src/main/java/org/jhotdraw/app/action/file/ClearFileAction.java,2,0.0,1.0,1.0,,0,0
jhotdraw-app:src/main/java/org/jhotdraw/app/action/file/ClearRecentFilesMenuAction.java,1,0.0,1.0,0.0,,0,0
jhotdraw-app:src/main/java/org/jhotdraw/app/action/file/ExportFileAction.java,6,0.0,5.0,1.0,,0,0
jhotdraw-app:src/main/java/org/jhotdraw/app/action/file/LoadFileAction.java,2,0.0,1.0,1.0,,0,0
jhotdraw-app:src/main/java/org/jhotdraw/app/action/file/LoadRecentFileAction.java,3,0.0,2.0,1.0,,0,0
jhotdraw-app:src/main/java/org/jhotdraw/app/action/file/NewFileAction.java,1,0.0,1.0,0.0,,0,0
jhotdraw-app:src/main/java/org/jhotdraw/app/action/file/OpenFileAction.java,8,0.0,5.0,3.0,,0,0
jhotdraw-app:src/main/java/org/jhotdraw/app/action/file/OpenRecentFileAction.java,3,0.0,1.0,2.0,,0,0
jhotdraw-app:src/main/java/org/jhotdraw/app/action/file/PrintFileAction.java,11,0.0,8.0,3.0,,0,0
jhotdraw-app:src/main/java/org/jhotdraw/app/action/file/SaveFileAction.java,3,0.0,1.0,2.0,,0,0
jhotdraw-app:src/main/java/org/jhotdraw/app/action/window/TogglePaletteAction.java,5,1.0,2.0,2.0,,0,0
jhotdraw-app:src/main/java/org/jhotdraw/app/osx/OSXAdapter.java,15,8.0,7.0,0.0,,0,0
jhotdraw-app:src/main/java/org/jhotdraw/app/osx/OSXPaletteHandler.java,2,1.0,1.0,0.0,,0,0
jhotdraw-core:src/main/java/org/jhotdraw/draw/AbstractConstrainer.java,2,0.0,1.0,0.0,,0,0
jhotdraw-core:src/main/java/org/jhotdraw/draw/AbstractDrawing.java,10,1.0,6.0,2.0,,0,0
jhotdraw-core:src/main/java/org/jhotdraw/draw/AbstractDrawingView.java,19,4.0,4.0,8.0,"Template Method, Bridge, (Object)Adapter",132,319
jhotdraw-core:src/main/java/org/jhotdraw/draw/AttributeKey.java,4,1.0,0.0,3.0,,0,0
jhotdraw-core:src/main/java/org/jhotdraw/draw/AttributeKeys.java,61,55.0,3.0,3.0,,0,0
jhotdraw-core:src/main/java/org/jhotdraw/draw/DefaultDrawing.java,4,0.0,1.0,3.0,,0,0
jhotdraw-core:src/main/java/org/jhotdraw/draw/DefaultDrawingEditor.java,4,1.0,2.0,1.0,"State, (Object)Adapter",0,0
jhotdraw-core:src/main/java/org/jhotdraw/draw/DefaultDrawingView.java,41,6.0,12.0,23.0,"State, (Object)Adapter",180,334
jhotdraw-core:src/main/java/org/jhotdraw/draw/DefaultDrawingViewBeanInfo.java,5,0.0,0.0,5.0,"State, (Object)Adapter",180,334
jhotdraw-core:src/main/java/org/jhotdraw/draw/DefaultDrawingViewTransferHandler.java,30,6.0,11.0,13.0,"State, (Object)Adapter",180,334
jhotdraw-core:src/main/java/org/jhotdraw/draw/DelegatorDrawingView.java,3,0.0,3.0,0.0,,0,0
jhotdraw-core:src/main/java/org/jhotdraw/draw/DrawingEditor.java,1,0.0,0.0,1.0,"Prototype, Bridge, State, (Object)Adapter",0,400
jhotdraw-core:src/main/java/org/jhotdraw/draw/GraphicalCompositeFigure.java,11,2.0,5.0,3.0,Prototype,0,0
jhotdraw-core:src/main/java/org/jhotdraw/draw/GridConstrainer.java,7,0.0,0.0,7.0,,0,0
jhotdraw-core:src/main/java/org/jhotdraw/draw/QuadTreeDrawing.java,3,0.0,2.0,0.0,Composite,3,22
jhotdraw-core:src/main/java/org/jhotdraw/draw/action/AbstractDrawingEditorAction.java,4,1.0,1.0,2.0,Bridge,3,4
jhotdraw-core:src/main/java/org/jhotdraw/draw/action/AbstractDrawingViewAction.java,7,2.0,2.0,3.0,Bridge,10,6
jhotdraw-core:src/main/java/org/jhotdraw/draw/action/AbstractSelectedAction.java,5,2.0,2.0,1.0,Bridge,8,10
jhotdraw-core:src/main/java/org/jhotdraw/draw/action/AlignAction.java,1,0.0,1.0,0.0,Template Method,2,1
jhotdraw-core:src/main/java/org/jhotdraw/draw/action/ApplyAttributesAction.java,1,1.0,0.0,0.0,,0,0
jhotdraw-core:src/main/java/org/jhotdraw/draw/action/AttributeAction.java,7,0.0,1.0,6.0,,0,0
jhotdraw-core:src/main/java/org/jhotdraw/draw/action/AttributeToggler.java,8,1.0,1.0,6.0,State,6,2
jhotdraw-core:src/main/java/org/jhotdraw/draw/action/ColorIcon.java,5,0.0,5.0,0.0,,0,0
jhotdraw-core:src/main/java/org/jhotdraw/draw/action/DefaultAttributeAction.java,6,1.0,2.0,3.0,,0,0
jhotdraw-core:src/main/java/org/jhotdraw/draw/action/DrawingAttributeAction.java,7,0.0,1.0,6.0,,0,0
jhotdraw-core:src/main/java/org/jhotdraw/draw/action/DrawingColorChooserAction.java,2,1.0,1.0,0.0,,0,0
jhotdraw-core:src/main/java/org/jhotdraw/draw/action/DrawingColorChooserHandler.java,5,0.0,5.0,0.0,,0,0
jhotdraw-core:src/main/java/org/jhotdraw/draw/action/DrawingColorIcon.java,2,0.0,0.0,2.0,State,4,0
jhotdraw-core:src/main/java/org/jhotdraw/draw/action/EditorColorChooserAction.java,6,1.0,2.0,3.0,,0,0
jhotdraw-core:src/main/java/org/jhotdraw/draw/action/EditorColorIcon.java,2,0.0,0.0,2.0,,0,0
jhotdraw-core:src/main/java/org/jhotdraw/draw/action/GroupAction.java,2,1.0,0.0,1.0,Prototype,4,2
jhotdraw-core:src/main/java/org/jhotdraw/draw/action/ImageBevelBorder.java,6,0.0,5.0,1.0,,0,0
jhotdraw-core:src/main/java/org/jhotdraw/draw/action/IncreaseHandleDetailLevelAction.java,1,0.0,1.0,0.0,,0,0
jhotdraw-core:src/main/java/org/jhotdraw/draw/action/LineDecorationIcon.java,1,1.0,0.0,0.0,,0,0
jhotdraw-core:src/main/java/org/jhotdraw/draw/action/MoveAction.java,4,2.0,1.0,1.0,,0,0
jhotdraw-core:src/main/java/org/jhotdraw/draw/action/MoveConstrainedAction.java,5,1.0,1.0,3.0,,0,0
jhotdraw-core:src/main/java/org/jhotdraw/draw/action/PickAttributesAction.java,2,2.0,0.0,0.0,,0,0
jhotdraw-core:src/main/java/org/jhotdraw/draw/action/SelectionColorChooserAction.java,1,1.0,0.0,0.0,,0,0
jhotdraw-core:src/main/java/org/jhotdraw/draw/action/SelectionColorChooserHandler.java,5,0.0,5.0,0.0,,0,0
jhotdraw-core:src/main/java/org/jhotdraw/draw/action/SelectionColorIcon.java,2,0.0,0.0,2.0,State,4,0
jhotdraw-core:src/main/java/org/jhotdraw/draw/action/StrokeIcon.java,1,0.0,1.0,0.0,,0,0
jhotdraw-core:src/main/java/org/jhotdraw/draw/action/UngroupAction.java,1,0.0,1.0,0.0,,0,0
jhotdraw-core:src/main/java/org/jhotdraw/draw/action/ZoomAction.java,1,0.0,1.0,0.0,,0,0
jhotdraw-core:src/main/java/org/jhotdraw/draw/connector/AbstractConnector.java,9,2.0,2.0,4.0,,0,0
jhotdraw-core:src/main/java/org/jhotdraw/draw/connector/ChopDiamondConnector.java,5,1.0,3.0,1.0,,0,0
jhotdraw-core:src/main/java/org/jhotdraw/draw/connector/ChopEllipseConnector.java,2,0.0,1.0,1.0,,0,0
jhotdraw-core:src/main/java/org/jhotdraw/draw/connector/ChopRectangleConnector.java,1,0.0,0.0,1.0,,0,0
jhotdraw-core:src/main/java/org/jhotdraw/draw/connector/ChopRoundRectangleConnector.java,1,0.0,0.0,1.0,,0,0
jhotdraw-core:src/main/java/org/jhotdraw/draw/connector/Connector.java,2,1.0,0.0,0.0,"Prototype, Factory Method, State, (Object)Adapter",0,70
jhotdraw-core:src/main/java/org/jhotdraw/draw/connector/LocatorConnector.java,2,0.0,1.0,1.0,State,3,3
jhotdraw-core:src/main/java/org/jhotdraw/draw/decoration/AbstractLineDecoration.java,2,0.0,2.0,0.0,Template Method,4,8
jhotdraw-core:src/main/java/org/jhotdraw/draw/decoration/ArrowTip.java,1,0.0,1.0,0.0,,0,0
jhotdraw-core:src/main/java/org/jhotdraw/draw/decoration/CompositeLineDecoration.java,1,0.0,0.0,1.0,Composite,2,1
jhotdraw-core:src/main/java/org/jhotdraw/draw/decoration/LineDecoration.java,1,1.0,0.0,0.0,Composite,0,3
jhotdraw-core:src/main/java/org/jhotdraw/draw/event/AbstractAttributeEditorHandler.java,16,3.0,8.0,5.0,"Template Method, Bridge",44,42
jhotdraw-core:src/main/java/org/jhotdraw/draw/event/AttributeChangeEdit.java,3,0.0,1.0,2.0,State,5,1
jhotdraw-core:src/main/java/org/jhotdraw/draw/event/BezierNodeEdit.java,1,0.0,1.0,0.0,,0,0
jhotdraw-core:src/main/java/org/jhotdraw/draw/event/CompositeFigureEvent.java,2,1.0,1.0,0.0,,0,0
jhotdraw-core:src/main/java/org/jhotdraw/draw/event/DrawingComponentRepainter.java,1,0.0,0.0,1.0,"State, (Object)Adapter",4,4
jhotdraw-core:src/main/java/org/jhotdraw/draw/event/FigureAdapter.java,7,0.0,0.0,7.0,,0,0
jhotdraw-core:src/main/java/org/jhotdraw/draw/event/FigureEvent.java,3,0.0,0.0,3.0,,0,0
jhotdraw-core:src/main/java/org/jhotdraw/draw/event/HandleEvent.java,1,1.0,0.0,0.0,,0,0
jhotdraw-core:src/main/java/org/jhotdraw/draw/event/HandleMulticaster.java,4,0.0,4.0,0.0,,0,0
jhotdraw-core:src/main/java/org/jhotdraw/draw/event/SelectionComponentRepainter.java,1,0.0,0.0,1.0,"State, (Object)Adapter",4,6
jhotdraw-core:src/main/java/org/jhotdraw/draw/event/SetBoundsEdit.java,3,3.0,0.0,0.0,,0,0
jhotdraw-core:src/main/java/org/jhotdraw/draw/event/ToolAdapter.java,4,0.0,0.0,4.0,,0,0
jhotdraw-core:src/main/java/org/jhotdraw/draw/event/ToolEvent.java,1,0.0,0.0,1.0,,0,0
jhotdraw-core:src/main/java/org/jhotdraw/draw/event/TransformRestoreEdit.java,2,0.0,0.0,2.0,State,4,1
jhotdraw-core:src/main/java/org/jhotdraw/draw/figure/AbstractAttributedCompositeFigure.java,9,2.0,5.0,1.0,Template Method,7,50
jhotdraw-core:src/main/java/org/jhotdraw/draw/figure/AbstractAttributedDecoratedFigure.java,2,0.0,0.0,1.0,"Prototype, Decorator, Template Method",6,14
jhotdraw-core:src/main/java/org/jhotdraw/draw/figure/AbstractAttributedFigure.java,8,2.0,4.0,1.0,Template Method,10,45
jhotdraw-core:src/main/java/org/jhotdraw/draw/figure/AbstractCompositeFigure.java,8,4.0,2.0,1.0,"Bridge, Composite",0,0
jhotdraw-core:src/main/java/org/jhotdraw/draw/figure/AbstractFigure.java,7,1.0,4.0,1.0,,0,0
jhotdraw-core:src/main/java/org/jhotdraw/draw/figure/BezierFigure.java,13,2.0,4.0,6.0,,0,0
jhotdraw-core:src/main/java/org/jhotdraw/draw/figure/CompositeFigure.java,1,1.0,0.0,0.0,"Prototype, Factory Method, State",5,100
jhotdraw-core:src/main/java/org/jhotdraw/draw/figure/DiamondFigure.java,13,10.0,2.0,0.0,,0,0
jhotdraw-core:src/main/java/org/jhotdraw/draw/figure/EllipseFigure.java,1,0.0,0.0,0.0,,0,0
jhotdraw-core:src/main/java/org/jhotdraw/draw/figure/Figure.java,2,0.0,0.0,1.0,"Bridge, State, Decorator, Factory Method, Composite, Prototype, (Object)Adapter",132,1351
jhotdraw-core:src/main/java/org/jhotdraw/draw/figure/GroupFigure.java,1,0.0,1.0,0.0,,0,0
jhotdraw-core:src/main/java/org/jhotdraw/draw/figure/ImageFigure.java,5,3.0,0.0,1.0,,0,0
jhotdraw-core:src/main/java/org/jhotdraw/draw/figure/LabelFigure.java,7,0.0,1.0,6.0,,0,0
jhotdraw-core:src/main/java/org/jhotdraw/draw/figure/LabeledLineConnectionFigure.java,7,3.0,1.0,2.0,Composite,5,24
jhotdraw-core:src/main/java/org/jhotdraw/draw/figure/LineConnectionFigure.java,21,2.0,10.0,8.0,"Prototype, State, (Object)Adapter",36,152
jhotdraw-core:src/main/java/org/jhotdraw/draw/figure/LineFigure.java,2,1.0,0.0,1.0,,0,0
jhotdraw-core:src/main/java/org/jhotdraw/draw/figure/QuadTreeCompositeFigure.java,1,0.0,1.0,0.0,Composite,5,20
jhotdraw-core:src/main/java/org/jhotdraw/draw/figure/RectangleFigure.java,2,1.0,0.0,0.0,,0,0
jhotdraw-core:src/main/java/org/jhotdraw/draw/figure/RoundRectangleFigure.java,4,0.0,1.0,2.0,,0,0
jhotdraw-core:src/main/java/org/jhotdraw/draw/figure/TextAreaFigure.java,18,3.0,10.0,4.0,,0,0
jhotdraw-core:src/main/java/org/jhotdraw/draw/figure/TextFigure.java,13,7.0,2.0,3.0,,0,0
jhotdraw-core:src/main/java/org/jhotdraw/draw/figure/TextHolderFigure.java,1,0.0,1.0,0.0,"Prototype, Factory Method, State, (Object)Adapter",0,139
jhotdraw-core:src/main/java/org/jhotdraw/draw/figure/TriangleFigure.java,3,1.0,0.0,1.0,,0,0
jhotdraw-core:src/main/java/org/jhotdraw/draw/handle/AbstractConnectionHandle.java,12,3.0,7.0,2.0,"Template Method, Bridge",8,12
jhotdraw-core:src/main/java/org/jhotdraw/draw/handle/AbstractHandle.java,3,1.0,2.0,0.0,"Template Method, Bridge, (Object)Adapter",24,96
jhotdraw-core:src/main/java/org/jhotdraw/draw/handle/AbstractRotateHandle.java,4,1.0,2.0,1.0,Template Method,6,5
jhotdraw-core:src/main/java/org/jhotdraw/draw/handle/BezierControlPointHandle.java,5,1.0,2.0,2.0,State,5,8
jhotdraw-core:src/main/java/org/jhotdraw/draw/handle/BezierNodeHandle.java,11,1.0,7.0,3.0,State,4,10
jhotdraw-core:src/main/java/org/jhotdraw/draw/handle/BezierOutlineHandle.java,3,0.0,0.0,3.0,,0,0
jhotdraw-core:src/main/java/org/jhotdraw/draw/handle/BezierScaleHandle.java,1,0.0,1.0,0.0,,0,0
jhotdraw-core:src/main/java/org/jhotdraw/draw/handle/BoundsOutlineHandle.java,4,0.0,1.0,3.0,,0,0
jhotdraw-core:src/main/java/org/jhotdraw/draw/handle/CloseHandle.java,1,1.0,0.0,0.0,,0,0
jhotdraw-core:src/main/java/org/jhotdraw/draw/handle/ConnectionEndHandle.java,1,1.0,0.0,0.0,,0,0
jhotdraw-core:src/main/java/org/jhotdraw/draw/handle/ConnectorHandle.java,1,0.0,1.0,0.0,"Prototype, State",24,32
jhotdraw-core:src/main/java/org/jhotdraw/draw/handle/DragHandle.java,2,1.0,0.0,1.0,,0,0
jhotdraw-core:src/main/java/org/jhotdraw/draw/handle/FontSizeHandle.java,6,2.0,2.0,2.0,,0,0
jhotdraw-core:src/main/java/org/jhotdraw/draw/handle/HandleAttributeKeys.java,105,104.0,1.0,0.0,"Bridge, State, (Object)Adapter",0,95
jhotdraw-core:src/main/java/org/jhotdraw/draw/handle/LocatorHandle.java,2,1.0,1.0,0.0,Bridge,1,1
jhotdraw-core:src/main/java/org/jhotdraw/draw/handle/MoveHandle.java,11,10.0,0.0,1.0,,0,0
jhotdraw-core:src/main/java/org/jhotdraw/draw/handle/NullHandle.java,5,2.0,0.0,3.0,,0,0
jhotdraw-core:src/main/java/org/jhotdraw/draw/handle/OrientationHandle.java,2,0.0,0.0,2.0,,0,0
jhotdraw-core:src/main/java/org/jhotdraw/draw/handle/ResizeHandleKit.java,23,12.0,1.0,10.0,,0,0
jhotdraw-core:src/main/java/org/jhotdraw/draw/handle/RotateHandle.java,2,2.0,0.0,0.0,,0,0
jhotdraw-core:src/main/java/org/jhotdraw/draw/handle/RoundRectangleRadiusHandle.java,2,0.0,0.0,2.0,,0,0
jhotdraw-core:src/main/java/org/jhotdraw/draw/handle/TextOverflowHandle.java,3,0.0,0.0,3.0,,0,0
jhotdraw-core:src/main/java/org/jhotdraw/draw/handle/TransformHandleKit.java,29,17.0,2.0,10.0,,0,0
jhotdraw-core:src/main/java/org/jhotdraw/draw/io/DOMStorableInputOutputFormat.java,2,0.0,2.0,0.0,"State, (Object)Adapter",0,0
jhotdraw-core:src/main/java/org/jhotdraw/draw/io/ImageInputFormat.java,3,1.0,2.0,0.0,"Prototype, State, (Object)Adapter",0,0
jhotdraw-core:src/main/java/org/jhotdraw/draw/io/SerializationInputOutputFormat.java,2,0.0,2.0,0.0,"Prototype, State, (Object)Adapter",0,0
jhotdraw-core:src/main/java/org/jhotdraw/draw/io/TextInputFormat.java,4,3.0,1.0,0.0,"Prototype, State, (Object)Adapter",0,0
jhotdraw-core:src/main/java/org/jhotdraw/draw/layouter/AbstractLayouter.java,1,1.0,0.0,0.0,,0,0
jhotdraw-core:src/main/java/org/jhotdraw/draw/layouter/Layouter.java,1,1.0,0.0,0.0,Bridge,0,2
jhotdraw-core:src/main/java/org/jhotdraw/draw/layouter/LocatorLayouter.java,2,1.0,0.0,1.0,,0,0
jhotdraw-core:src/main/java/org/jhotdraw/draw/layouter/VerticalLayouter.java,1,0.0,1.0,0.0,,0,0
jhotdraw-core:src/main/java/org/jhotdraw/draw/liner/CurvedLiner.java,6,0.0,2.0,3.0,,0,0
jhotdraw-core:src/main/java/org/jhotdraw/draw/liner/ElbowLiner.java,5,0.0,1.0,3.0,,0,0
jhotdraw-core:src/main/java/org/jhotdraw/draw/liner/Liner.java,1,0.0,0.0,0.0,"Prototype, State, (Object)Adapter",0,9
jhotdraw-core:src/main/java/org/jhotdraw/draw/liner/SlantedLiner.java,3,0.0,1.0,1.0,,0,0
jhotdraw-core:src/main/java/org/jhotdraw/draw/locator/AbstractLocator.java,1,0.0,1.0,0.0,,0,0
jhotdraw-core:src/main/java/org/jhotdraw/draw/locator/BezierLabelLocator.java,3,1.0,1.0,1.0,,0,0
jhotdraw-core:src/main/java/org/jhotdraw/draw/locator/FontSizeLocator.java,1,0.0,0.0,1.0,,0,0
jhotdraw-core:src/main/java/org/jhotdraw/draw/locator/Locator.java,1,1.0,0.0,0.0,"Bridge, State",0,4
jhotdraw-core:src/main/java/org/jhotdraw/draw/locator/RelativeDecoratorLocator.java,9,9.0,0.0,0.0,,0,0
jhotdraw-core:src/main/java/org/jhotdraw/draw/locator/RelativeLocator.java,19,19.0,0.0,0.0,,0,0
jhotdraw-core:src/main/java/org/jhotdraw/draw/print/DrawingPageable.java,1,1.0,0.0,0.0,,0,0
jhotdraw-core:src/main/java/org/jhotdraw/draw/text/FloatingTextArea.java,4,0.0,2.0,2.0,State,10,10
jhotdraw-core:src/main/java/org/jhotdraw/draw/tool/AbstractTool.java,7,3.0,3.0,1.0,"Bridge, (Object)Adapter",18,54
jhotdraw-core:src/main/java/org/jhotdraw/draw/tool/BezierTool.java,7,1.0,5.0,1.0,State,11,6
jhotdraw-core:src/main/java/org/jhotdraw/draw/tool/ConnectionTool.java,6,3.0,2.0,1.0,"Prototype, State",44,35
jhotdraw-core:src/main/java/org/jhotdraw/draw/tool/CreationTool.java,7,4.0,1.0,1.0,"Prototype, State",16,15
jhotdraw-core:src/main/java/org/jhotdraw/draw/tool/DefaultDragTracker.java,2,1.0,0.0,1.0,State,9,4
jhotdraw-core:src/main/java/org/jhotdraw/draw/tool/DefaultHandleTracker.java,6,1.0,3.0,2.0,State,14,26
jhotdraw-core:src/main/java/org/jhotdraw/draw/tool/DefaultSelectAreaTracker.java,4,1.0,1.0,2.0,State,6,8
jhotdraw-core:src/main/java/org/jhotdraw/draw/tool/DelegationSelectionTool.java,19,9.0,8.0,2.0,,0,0
jhotdraw-core:src/main/java/org/jhotdraw/draw/tool/DnDTracker.java,1,0.0,1.0,0.0,State,8,4
jhotdraw-core:src/main/java/org/jhotdraw/draw/tool/DragTracker.java,1,1.0,0.0,0.0,State,0,1
jhotdraw-core:src/main/java/org/jhotdraw/draw/tool/ImageTool.java,3,0.0,2.0,1.0,,0,0
jhotdraw-core:src/main/java/org/jhotdraw/draw/tool/SelectionTool.java,1,0.0,0.0,1.0,"Decorator, State",27,54
jhotdraw-core:src/main/java/org/jhotdraw/draw/tool/TextAreaCreationTool.java,5,0.0,5.0,0.0,State,4,5
jhotdraw-core:src/main/java/org/jhotdraw/draw/tool/TextAreaEditingTool.java,5,0.0,4.0,1.0,State,3,5
jhotdraw-core:src/main/java/org/jhotdraw/draw/tool/TextCreationTool.java,3,0.0,1.0,2.0,State,3,8
jhotdraw-core:src/main/java/org/jhotdraw/draw/tool/TextEditingTool.java,2,0.0,1.0,1.0,State,3,8
jhotdraw-core:src/main/java/org/jhotdraw/overview.html,1,0.0,0.0,0.0,,0,0
jhotdraw-core:src/test/java/org/jhotdraw/draw/figure/AbstractFigureNGTest.java,14,0.0,4.0,10.0,,0,0
jhotdraw-datatransfer:src/main/java/org/jhotdraw/datatransfer/AbstractClipboard.java,1,0.0,1.0,0.0,,0,0
jhotdraw-datatransfer:src/main/java/org/jhotdraw/datatransfer/AbstractTransferable.java,2,0.0,2.0,0.0,,0,0
jhotdraw-datatransfer:src/main/java/org/jhotdraw/datatransfer/ClipboardUtil.java,2,0.0,2.0,0.0,,0,0
jhotdraw-datatransfer:src/main/java/org/jhotdraw/datatransfer/CompositeTransferable.java,2,0.0,0.0,2.0,,0,0
jhotdraw-datatransfer:src/main/java/org/jhotdraw/datatransfer/ImageTransferable.java,1,0.0,1.0,0.0,,0,0
jhotdraw-datatransfer:src/main/java/org/jhotdraw/datatransfer/OSXClipboard.java,2,1.0,1.0,0.0,,0,0
jhotdraw-gui:src/main/java/org/jhotdraw/color/AbstractColorWheelImageProducer.java,3,1.0,1.0,0.0,"Template Method, State",20,19
jhotdraw-gui:src/main/java/org/jhotdraw/color/AbstractHarmonicRule.java,1,0.0,1.0,0.0,,0,0
jhotdraw-gui:src/main/java/org/jhotdraw/color/AbstractNamedColorSpace.java,3,1.0,2.0,0.0,,0,0
jhotdraw-gui:src/main/java/org/jhotdraw/color/CIELABColorSpace.java,31,21.0,5.0,5.0,,0,0
jhotdraw-gui:src/main/java/org/jhotdraw/color/CIELCHabColorSpace.java,37,23.0,9.0,4.0,,0,0
jhotdraw-gui:src/main/java/org/jhotdraw/color/CIEXYChromaticityDiagramImageProducer.java,27,13.0,9.0,4.0,,0,0
jhotdraw-gui:src/main/java/org/jhotdraw/color/CMYKNominalColorSpace.java,3,3.0,0.0,0.0,Singleton,2,9
jhotdraw-gui:src/main/java/org/jhotdraw/color/ColorListCellRenderer.java,1,0.0,0.0,1.0,,0,0
jhotdraw-gui:src/main/java/org/jhotdraw/color/ColorSliderUI.java,62,15.0,26.0,21.0,,0,0
jhotdraw-gui:src/main/java/org/jhotdraw/color/ColorSquareImageProducer.java,2,2.0,0.0,0.0,,0,0
jhotdraw-gui:src/main/java/org/jhotdraw/color/ColorTrackImageProducer.java,3,1.0,1.0,0.0,State,8,9
jhotdraw-gui:src/main/java/org/jhotdraw/color/ColorUtil.java,14,12.0,1.0,1.0,,0,0
jhotdraw-gui:src/main/java/org/jhotdraw/color/ColorWheelChooser.java,4,0.0,1.0,3.0,State,5,4
jhotdraw-gui:src/main/java/org/jhotdraw/color/ComplexColorWheelImageProducer.java,14,6.0,8.0,0.0,,0,0
jhotdraw-gui:src/main/java/org/jhotdraw/color/CompositeColor.java,20,20.0,0.0,0.0,,0,0
jhotdraw-gui:src/main/java/org/jhotdraw/color/DefaultColorSliderModel.java,8,1.0,4.0,3.0,,0,0
jhotdraw-gui:src/main/java/org/jhotdraw/color/DefaultHarmonicColorModel.java,8,2.0,3.0,2.0,"Observer, State, (Object)Adapter",24,56
jhotdraw-gui:src/main/java/org/jhotdraw/color/DiskColorWheelImageProducer.java,12,3.0,9.0,0.0,,0,0
jhotdraw-gui:src/main/java/org/jhotdraw/color/HSLColorSpace.java,5,0.0,4.0,1.0,Singleton,2,9
jhotdraw-gui:src/main/java/org/jhotdraw/color/HSLHarmonicColorWheelImageProducer.java,2,2.0,0.0,0.0,,0,0
jhotdraw-gui:src/main/java/org/jhotdraw/color/HSLPhysiologicColorSpace.java,4,0.0,3.0,1.0,Singleton,2,9
jhotdraw-gui:src/main/java/org/jhotdraw/color/HSVColorSpace.java,2,0.0,2.0,0.0,Singleton,2,9
jhotdraw-gui:src/main/java/org/jhotdraw/color/HSVHarmonicColorWheelImageProducer.java,6,3.0,3.0,0.0,,0,0
jhotdraw-gui:src/main/java/org/jhotdraw/color/HarmonicColorModel.java,2,1.0,1.0,0.0,State,1,17
jhotdraw-gui:src/main/java/org/jhotdraw/color/JColorWheel.java,11,3.0,2.0,6.0,State,28,27
jhotdraw-gui:src/main/java/org/jhotdraw/color/JHarmonicColorWheel.java,24,4.0,10.0,10.0,State,8,5
jhotdraw-gui:src/main/java/org/jhotdraw/color/PolarColorWheelImageProducer.java,1,1.0,0.0,0.0,,0,0
jhotdraw-gui:src/main/java/org/jhotdraw/color/QuantizingColorWheelImageProducer.java,1,1.0,0.0,0.0,,0,0
jhotdraw-gui:src/main/java/org/jhotdraw/color/SimpleHarmonicRule.java,1,0.0,0.0,1.0,,0,0
jhotdraw-gui:src/main/java/org/jhotdraw/draw/gui/JAttributeSlider.java,3,0.0,1.0,2.0,,0,0
jhotdraw-gui:src/main/java/org/jhotdraw/draw/gui/JAttributeSliderBeanInfo.java,5,0.0,0.0,5.0,,0,0
jhotdraw-gui:src/main/java/org/jhotdraw/draw/gui/JAttributeTextArea.java,3,0.0,1.0,2.0,,0,0
jhotdraw-gui:src/main/java/org/jhotdraw/draw/gui/JAttributeTextAreaBeanInfo.java,5,0.0,0.0,5.0,,0,0
jhotdraw-gui:src/main/java/org/jhotdraw/draw/gui/JAttributeTextField.java,3,0.0,1.0,2.0,,0,0
jhotdraw-gui:src/main/java/org/jhotdraw/draw/gui/JAttributeTextFieldBeanInfo.java,5,0.0,0.0,5.0,,0,0
jhotdraw-gui:src/main/java/org/jhotdraw/gui/ActivityManager.java,3,2.0,1.0,0.0,Singleton,3,6
jhotdraw-gui:src/main/java/org/jhotdraw/gui/DefaultActivityModel.java,6,2.0,1.0,3.0,,0,0
jhotdraw-gui:src/main/java/org/jhotdraw/gui/Dialogs.java,1,0.0,1.0,0.0,,0,0
jhotdraw-gui:src/main/java/org/jhotdraw/gui/EmptyIcon.java,1,0.0,0.0,1.0,,0,0
jhotdraw-gui:src/main/java/org/jhotdraw/gui/JActivityIndicator.java,4,0.0,1.0,3.0,Observer,7,7
jhotdraw-gui:src/main/java/org/jhotdraw/gui/JActivityView.java,12,3.0,7.0,2.0,State,13,1
jhotdraw-gui:src/main/java/org/jhotdraw/gui/JActivityWindow.java,19,5.0,11.0,3.0,Singleton,19,9
jhotdraw-gui:src/main/java/org/jhotdraw/gui/JComponentPopup.java,6,2.0,1.0,3.0,,0,0
jhotdraw-gui:src/main/java/org/jhotdraw/gui/JDisclosureToolBar.java,2,0.0,2.0,0.0,,0,0
jhotdraw-gui:src/main/java/org/jhotdraw/gui/JDisclosureToolBarBeanInfo.java,5,0.0,0.0,5.0,,0,0
jhotdraw-gui:src/main/java/org/jhotdraw/gui/JFontChooser.java,13,3.0,7.0,3.0,,0,0
jhotdraw-gui:src/main/java/org/jhotdraw/gui/JLifeFormattedTexAreaBeanInfo.java,5,0.0,0.0,5.0,,0,0
jhotdraw-gui:src/main/java/org/jhotdraw/gui/JLifeFormattedTextArea.java,5,1.0,1.0,3.0,,0,0
jhotdraw-gui:src/main/java/org/jhotdraw/gui/JLifeFormattedTextField.java,7,0.0,3.0,4.0,,0,0
jhotdraw-gui:src/main/java/org/jhotdraw/gui/JLifeFormattedTextFieldBeanInfo.java,5,0.0,0.0,5.0,,0,0
jhotdraw-gui:src/main/java/org/jhotdraw/gui/JMDIDesktopPane.java,4,1.0,2.0,1.0,,0,0
jhotdraw-gui:src/main/java/org/jhotdraw/gui/JPopupButton.java,13,3.0,4.0,6.0,,0,0
jhotdraw-gui:src/main/java/org/jhotdraw/gui/JPopupButtonBeanInfo.java,5,0.0,0.0,5.0,,0,0
jhotdraw-gui:src/main/java/org/jhotdraw/gui/JSheet.java,18,0.0,13.0,5.0,,0,0
jhotdraw-gui:src/main/java/org/jhotdraw/gui/PlacardScrollPaneLayout.java,2,0.0,1.0,1.0,,0,0
jhotdraw-gui:src/main/java/org/jhotdraw/gui/ToolBarLayout.java,6,0.0,0.0,4.0,,0,0
jhotdraw-gui:src/main/java/org/jhotdraw/gui/VerticalGridLayout.java,4,0.0,0.0,4.0,,0,0
jhotdraw-gui:src/main/java/org/jhotdraw/gui/action/ButtonFactory.java,66,3.0,52.0,11.0,State,2,0
jhotdraw-gui:src/main/java/org/jhotdraw/gui/action/EditCanvasAction.java,1,0.0,1.0,0.0,,0,0
jhotdraw-gui:src/main/java/org/jhotdraw/gui/action/EditCanvasPanel.java,10,4.0,4.0,2.0,State,13,3
jhotdraw-gui:src/main/java/org/jhotdraw/gui/action/EditGridAction.java,1,0.0,1.0,0.0,,0,0
jhotdraw-gui:src/main/java/org/jhotdraw/gui/action/EditGridPanel.java,10,3.0,6.0,1.0,,0,0
jhotdraw-gui:src/main/java/org/jhotdraw/gui/action/FontChooserHandler.java,5,0.0,5.0,0.0,,0,0
jhotdraw-gui:src/main/java/org/jhotdraw/gui/event/GenericListener.java,9,2.0,6.0,1.0,,0,0
jhotdraw-gui:src/main/java/org/jhotdraw/gui/event/SheetEvent.java,3,0.0,0.0,3.0,,0,0
jhotdraw-gui:src/main/java/org/jhotdraw/gui/fontchooser/DefaultFontChooserModel.java,4,1.0,2.0,1.0,,0,0
jhotdraw-gui:src/main/java/org/jhotdraw/gui/fontchooser/FontCollectionNode.java,4,3.0,0.0,0.0,,0,0
jhotdraw-gui:src/main/java/org/jhotdraw/gui/fontchooser/FontFaceNode.java,6,2.0,0.0,3.0,,0,0
jhotdraw-gui:src/main/java/org/jhotdraw/gui/fontchooser/FontFamilyNode.java,3,2.0,0.0,0.0,,0,0
jhotdraw-gui:src/main/java/org/jhotdraw/gui/plaf/palette/MultiIcon.java,3,0.0,3.0,0.0,Template Method,4,2
jhotdraw-gui:src/main/java/org/jhotdraw/gui/plaf/palette/PaletteBorders.java,1,1.0,0.0,0.0,,0,0
jhotdraw-gui:src/main/java/org/jhotdraw/gui/plaf/palette/PaletteButtonUI.java,1,0.0,1.0,0.0,Singleton,1,2
jhotdraw-gui:src/main/java/org/jhotdraw/gui/plaf/palette/PaletteColorChooserUI.java,15,3.0,10.0,2.0,,0,0
jhotdraw-gui:src/main/java/org/jhotdraw/gui/plaf/palette/PaletteColorSliderUI.java,1,0.0,0.0,1.0,,0,0
jhotdraw-gui:src/main/java/org/jhotdraw/gui/plaf/palette/PaletteFontChooserSelectionPanel.java,20,6.0,12.0,2.0,,0,0
jhotdraw-gui:src/main/java/org/jhotdraw/gui/plaf/palette/PaletteFontChooserUI.java,40,7.0,23.0,10.0,,0,0
jhotdraw-gui:src/main/java/org/jhotdraw/gui/plaf/palette/PaletteFormattedTextFieldUI.java,2,0.0,1.0,1.0,,0,0
jhotdraw-gui:src/main/java/org/jhotdraw/gui/plaf/palette/PaletteLabelUI.java,16,1.0,11.0,4.0,Singleton,5,3
jhotdraw-gui:src/main/java/org/jhotdraw/gui/plaf/palette/PaletteLazyActionMap.java,2,2.0,0.0,0.0,,0,0
jhotdraw-gui:src/main/java/org/jhotdraw/gui/plaf/palette/PaletteListCellRenderer.java,2,0.0,0.0,2.0,,0,0
jhotdraw-gui:src/main/java/org/jhotdraw/gui/plaf/palette/PaletteListUI.java,2,0.0,1.0,1.0,,0,0
jhotdraw-gui:src/main/java/org/jhotdraw/gui/plaf/palette/PaletteLookAndFeel.java,2,0.0,1.0,1.0,Singleton,3,19
jhotdraw-gui:src/main/java/org/jhotdraw/gui/plaf/palette/PaletteMenuItemUI.java,3,0.0,2.0,1.0,,0,0
jhotdraw-gui:src/main/java/org/jhotdraw/gui/plaf/palette/PalettePanelUI.java,4,1.0,2.0,1.0,,0,0
jhotdraw-gui:src/main/java/org/jhotdraw/gui/plaf/palette/PaletteRootPaneUI.java,8,3.0,1.0,4.0,,0,0
jhotdraw-gui:src/main/java/org/jhotdraw/gui/plaf/palette/PaletteSliderThumbIcon.java,3,0.0,2.0,1.0,,0,0
jhotdraw-gui:src/main/java/org/jhotdraw/gui/plaf/palette/PaletteSliderUI.java,11,2.0,6.0,3.0,,0,0
jhotdraw-gui:src/main/java/org/jhotdraw/gui/plaf/palette/PaletteTabbedPaneUI.java,13,1.0,8.0,4.0,,0,0
jhotdraw-gui:src/main/java/org/jhotdraw/gui/plaf/palette/PaletteTextFieldUI.java,2,0.0,1.0,1.0,,0,0
jhotdraw-gui:src/main/java/org/jhotdraw/gui/plaf/palette/PaletteToolBarBorder.java,7,1.0,5.0,1.0,,0,0
jhotdraw-gui:src/main/java/org/jhotdraw/gui/plaf/palette/PaletteToolBarUI.java,56,11.0,18.0,23.0,,0,0
jhotdraw-gui:src/main/java/org/jhotdraw/gui/plaf/palette/PaletteUtilities.java,5,0.0,5.0,0.0,,0,0
jhotdraw-gui:src/main/java/org/jhotdraw/gui/plaf/palette/colorchooser/ColorIcon.java,5,0.0,5.0,0.0,,0,0
jhotdraw-gui:src/main/java/org/jhotdraw/gui/plaf/palette/colorchooser/PaletteCMYKChooser.java,24,1.0,16.0,7.0,State,25,4
jhotdraw-gui:src/main/java/org/jhotdraw/gui/plaf/palette/colorchooser/PaletteColorChooserMainPanel.java,4,1.0,2.0,1.0,,0,0
jhotdraw-gui:src/main/java/org/jhotdraw/gui/plaf/palette/colorchooser/PaletteColorChooserPreviewPanel.java,1,0.0,1.0,0.0,,0,0
jhotdraw-gui:src/main/java/org/jhotdraw/gui/plaf/palette/colorchooser/PaletteColorSliderModel.java,1,0.0,0.0,1.0,,0,0
jhotdraw-gui:src/main/java/org/jhotdraw/gui/plaf/palette/colorchooser/PaletteColorSlidersChooser.java,8,0.0,5.0,3.0,,0,0
jhotdraw-gui:src/main/java/org/jhotdraw/gui/plaf/palette/colorchooser/PaletteColorWheelChooser.java,5,1.0,1.0,3.0,,0,0
jhotdraw-gui:src/main/java/org/jhotdraw/gui/plaf/palette/colorchooser/PaletteHSBChooser.java,17,1.0,10.0,6.0,State,20,4
jhotdraw-gui:src/main/java/org/jhotdraw/gui/plaf/palette/colorchooser/PaletteRGBChooser.java,19,1.0,11.0,7.0,State,14,4
jhotdraw-gui:src/main/java/org/jhotdraw/gui/plaf/palette/colorchooser/PaletteSwatchesChooser.java,9,1.0,6.0,2.0,,0,0
jhotdraw-gui:src/main/java/org/jhotdraw/text/ColorFormatter.java,32,22.0,6.0,4.0,,0,0
jhotdraw-gui:src/main/java/org/jhotdraw/text/ColorToolTipTextFormatter.java,2,0.0,0.0,2.0,,0,0
jhotdraw-utils:src/main/java/org/jhotdraw/beans/AbstractBean.java,5,2.0,2.0,0.0,,0,0
jhotdraw-utils:src/main/java/org/jhotdraw/beans/BeansBinding.java,5,1.0,3.0,1.0,,0,0
jhotdraw-utils:src/main/java/org/jhotdraw/beans/WeakPropertyChangeListener.java,1,1.0,0.0,0.0,,0,0
jhotdraw-utils:src/main/java/org/jhotdraw/formatter/JavaNumberFormatter.java,7,2.0,1.0,4.0,,0,0
jhotdraw-utils:src/main/java/org/jhotdraw/geom/Bezier.java,45,26.0,16.0,3.0,,0,0
jhotdraw-utils:src/main/java/org/jhotdraw/geom/BezierPath.java,35,18.0,7.0,8.0,,0,0
jhotdraw-utils:src/main/java/org/jhotdraw/geom/BezierPathIterator.java,4,1.0,2.0,1.0,,0,0
jhotdraw-utils:src/main/java/org/jhotdraw/geom/ConvexHull.java,9,0.0,4.0,5.0,,0,0
jhotdraw-utils:src/main/java/org/jhotdraw/geom/Dimension2DDouble.java,2,2.0,0.0,0.0,,0,0
jhotdraw-utils:src/main/java/org/jhotdraw/geom/DoubleStroke.java,17,5.0,10.0,2.0,,0,0
jhotdraw-utils:src/main/java/org/jhotdraw/geom/Geom.java,15,8.0,5.0,2.0,,0,0
jhotdraw-utils:src/main/java/org/jhotdraw/geom/GrowStroke.java,4,1.0,1.0,2.0,,0,0
jhotdraw-utils:src/main/java/org/jhotdraw/geom/Insets2D.java,11,10.0,0.0,0.0,"Template Method, Factory Method",6,10
jhotdraw-utils:src/main/java/org/jhotdraw/geom/QuadTree.java,5,3.0,0.0,2.0,,0,0
jhotdraw-utils:src/main/java/org/jhotdraw/geom/Shapes.java,2,2.0,0.0,0.0,,0,0
jhotdraw-utils:src/main/java/org/jhotdraw/io/Base64.java,44,10.0,20.0,12.0,,0,0
jhotdraw-utils:src/main/java/org/jhotdraw/io/BoundedRangeInputStream.java,8,3.0,1.0,4.0,,0,0
jhotdraw-utils:src/main/java/org/jhotdraw/io/StreamPosTokenizer.java,43,14.0,27.0,2.0,,0,0
jhotdraw-utils:src/main/java/org/jhotdraw/net/ClientHttpRequest.java,11,7.0,4.0,0.0,,0,0
jhotdraw-utils:src/main/java/org/jhotdraw/net/URIUtil.java,4,1.0,2.0,1.0,,0,0
jhotdraw-utils:src/main/java/org/jhotdraw/undo/CompositeEdit.java,4,2.0,2.0,0.0,,0,0
jhotdraw-utils:src/main/java/org/jhotdraw/undo/NonUndoableEdit.java,1,0.0,0.0,1.0,,0,0
jhotdraw-utils:src/main/java/org/jhotdraw/undo/PropertyChangeEdit.java,5,0.0,1.0,4.0,,0,0
jhotdraw-utils:src/main/java/org/jhotdraw/undo/UndoRedoManager.java,6,0.0,5.0,1.0,,0,0
jhotdraw-utils:src/main/java/org/jhotdraw/util/ActionUtil.java,3,0.0,3.0,0.0,,0,0
jhotdraw-utils:src/main/java/org/jhotdraw/util/Images.java,6,3.0,2.0,1.0,,0,0
jhotdraw-utils:src/main/java/org/jhotdraw/util/LocaleUtil.java,2,0.0,1.0,1.0,,0,0
jhotdraw-utils:src/main/java/org/jhotdraw/util/Methods.java,30,29.0,0.0,1.0,,0,0
jhotdraw-utils:src/main/java/org/jhotdraw/util/ResourceBundleUtil.java,30,8.0,19.0,3.0,,0,0
jhotdraw-utils:src/main/java/org/jhotdraw/util/ReversedList.java,1,1.0,0.0,0.0,,0,0
jhotdraw-utils:src/main/java/org/jhotdraw/util/prefs/PreferencesUtil.java,18,0.0,6.0,12.0,,0,0
jhotdraw-utils:src/main/java/org/jhotdraw/util/prefs/ToolBarPrefsHandler.java,14,0.0,5.0,9.0,,0,0
jhotdraw-utils:src/test/java/org/jhotdraw/geom/BezierPathNGTest.java,12,3.0,4.0,5.0,,0,0
jhotdraw-xml:src/main/java/org/jhotdraw/xml/DefaultDOMFactory.java,9,8.0,0.0,1.0,,0,0
jhotdraw-xml:src/main/java/org/jhotdraw/xml/JavaPrimitivesDOMFactory.java,16,3.0,1.0,11.0,,0,0
jhotdraw-xml:src/main/java/org/jhotdraw/xml/JavaxDOMInput.java,8,5.0,3.0,0.0,"State, (Object)Adapter",10,28
jhotdraw-xml:src/main/java/org/jhotdraw/xml/JavaxDOMOutput.java,4,3.0,1.0,0.0,"State, (Object)Adapter",12,34
jhotdraw-xml:src/main/java/org/jhotdraw/xml/XMLTransferable.java,1,0.0,0.0,1.0,,0,0
jhotdraw-xml:src/main/java/org/jhotdraw/xml/css/CSSParser.java,8,4.0,3.0,1.0,,0,0
jhotdraw-xml:src/main/java/org/jhotdraw/xml/css/CSSRule.java,3,3.0,0.0,0.0,,0,0
jhotdraw-xml:src/main/java/org/jhotdraw/xml/css/StyleManager.java,1,1.0,0.0,0.0,(Object)Adapter,1,3
/org/jhotdraw/api/app/ApplicationMode,,,,,"Bridge, Factory Method, (Object)Adapter",0,51
/org/jhotdraw/api/gui/URIChoose,,,,,"Bridge, Factory Method, (Object)Adapter",50,85
/org/jhotdraw/samples/svg/io/SVGFigureFactor,,,,,"Factory Method, State",0,14
/org/jhotdraw/samples/svg/io/DefaultSVGFigureFactor,,,,,Factory Method,0,13
/org/jhotdraw/draw/figure/Figur,,,,,"Bridge, State, Decorator, Factory Method, Composite, Prototype, (Object)Adapter",132,1351
/org/jhotdraw/draw/figure/CompositeFigur,,,,,"Prototype, Factory Method, State",5,100
/org/jhotdraw/samples/svg/Gradien,,,,,Factory Method,0,10
/org/jhotdraw/samples/odg/figures/ODGFigur,,,,,Factory Method,0,1
/org/jhotdraw/samples/svg/figures/SVGFigur,,,,,Factory Method,0,1
/org/jhotdraw/draw/connector/Connecto,,,,,"Prototype, Factory Method, State, (Object)Adapter",0,70
/org/jhotdraw/draw/figure/TextHolderFigur,,,,,"Prototype, Factory Method, State, (Object)Adapter",0,139
/org/jhotdraw/samples/svg/figures/SVGTextAreaFigur,,,,,"Prototype, Decorator, Factory Method, Composite",70,280
/org/jhotdraw/samples/svg/figures/SVGTextFigur,,,,,"Prototype, Decorator, Factory Method, Composite",70,320
/org/jhotdraw/geom/Insets2,,,,,"Template Method, Factory Method",6,10
/org/jhotdraw/draw/GraphicalCompositeFigur,,,,,Prototype,0,0
/org/jhotdraw/samples/odg/figures/ODGPathFigur,,,,,"Prototype, Decorator, Template Method, Composite",18,189
/org/jhotdraw/samples/odg/figures/ODGGroupFigur,,,,,"Prototype, Decorator, Composite",16,48
/org/jhotdraw/samples/odg/figures/ODGRectFigur,,,,,"Prototype, Decorator, Composite",32,176
/org/jhotdraw/samples/odg/figures/ODGEllipseFigur,,,,,"Prototype, Decorator, Composite",24,136
/org/jhotdraw/samples/odg/figures/ODGAttributedFigur,,,,,"Prototype, Decorator, Template Method, Composite",9,27
/org/jhotdraw/samples/svg/figures/SVGEllipseFigur,,,,,"Prototype, Decorator, Composite",32,120
/org/jhotdraw/samples/svg/figures/SVGGroupFigur,,,,,"Prototype, Decorator, Composite",16,48
/org/jhotdraw/samples/svg/figures/SVGRectFigur,,,,,"Prototype, Decorator, Composite",56,160
/org/jhotdraw/samples/svg/figures/SVGImageFigur,,,,,"Prototype, Decorator, Composite",54,216
/org/jhotdraw/samples/svg/figures/SVGPathFigur,,,,,"Prototype, Decorator, Template Method, Composite",27,162
/org/jhotdraw/draw/figure/AbstractAttributedDecoratedFigur,,,,,"Prototype, Decorator, Template Method",6,14
/org/jhotdraw/draw/tool/CreationToo,,,,,"Prototype, State",16,15
/org/jhotdraw/samples/svg/SVGCreateFromFileToo,,,,,Prototype,6,2
/org/jhotdraw/draw/tool/ConnectionToo,,,,,"Prototype, State",44,35
/org/jhotdraw/draw/figure/ConnectionFigur,,,,,"Prototype, State",0,84
/org/jhotdraw/draw/figure/LineConnectionFigur,,,,,"Prototype, State, (Object)Adapter",36,152
/org/jhotdraw/draw/handle/ConnectorHandl,,,,,"Prototype, State",24,32
/org/jhotdraw/draw/action/GroupActio,,,,,Prototype,4,2
/org/jhotdraw/samples/svg/action/CombineActio,,,,,"Prototype, State",10,8
/org/jhotdraw/draw/io/SerializationInputOutputForma,,,,,"Prototype, State, (Object)Adapter",0,0
/org/jhotdraw/draw/Drawin,,,,,"Prototype, Bridge, State, (Object)Adapter",0,400
/org/jhotdraw/draw/liner/Line,,,,,"Prototype, State, (Object)Adapter",0,9
/org/jhotdraw/draw/io/ImageInputForma,,,,,"Prototype, State, (Object)Adapter",0,0
/org/jhotdraw/draw/figure/ImageHolderFigur,,,,,"Prototype, State, (Object)Adapter",0,18
/org/jhotdraw/draw/io/TextInputForma,,,,,"Prototype, State, (Object)Adapter",0,0
/org/jhotdraw/gui/ActivityManage,,,,,Singleton,3,6
/org/jhotdraw/gui/plaf/palette/PaletteLookAndFee,,,,,Singleton,3,19
/org/jhotdraw/gui/plaf/palette/PaletteButtonU,,,,,Singleton,1,2
/org/jhotdraw/gui/plaf/palette/PaletteLabelU,,,,,Singleton,5,3
/org/jhotdraw/gui/JActivityWindo,,,,,Singleton,19,9
/org/jhotdraw/color/HSVPhysiologicColorSpac,,,,,Singleton,2,9
/org/jhotdraw/color/HSVColorSpac,,,,,Singleton,2,9
/org/jhotdraw/color/HSBColorSpac,,,,,Singleton,2,9
/org/jhotdraw/color/CMYKGenericColorSpac,,,,,Singleton,2,1
/org/jhotdraw/color/HSLColorSpac,,,,,Singleton,2,9
/org/jhotdraw/color/CMYKNominalColorSpac,,,,,Singleton,2,9
/org/jhotdraw/color/HSLPhysiologicColorSpac,,,,,Singleton,2,9
/org/jhotdraw/draw/FigureLayerComparato,,,,,Singleton,0,0
/org/jhotdraw/draw/handle/AbstractHandl,,,,,"Template Method, Bridge, (Object)Adapter",24,96
/org/jhotdraw/draw/tool/Too,,,,,"Decorator, State, (Object)Adapter",0,36
/org/jhotdraw/draw/DefaultDrawingEdito,,,,,"State, (Object)Adapter",0,0
/org/jhotdraw/draw/DrawingVie,,,,,"Bridge, State, (Object)Adapter",110,605
/org/jhotdraw/samples/svg/SVGDrawingPane,,,,,"State, (Object)Adapter",46,30
/org/jhotdraw/draw/DefaultDrawingVie,,,,,"State, (Object)Adapter",180,334
/org/jhotdraw/samples/odg/io/ODGStylesReade,,,,,(Object)Adapter,4,3
/org/jhotdraw/samples/odg/io/ODGInputForma,,,,,(Object)Adapter,4,5
/org/jhotdraw/xml/css/StyleManage,,,,,(Object)Adapter,1,3
/org/jhotdraw/samples/svg/io/SVGInputForma,,,,,"State, (Object)Adapter",24,16
/org/jhotdraw/app/AbstractApplicatio,,,,,"Template Method, Bridge, (Object)Adapter",96,180
/org/jhotdraw/draw/handle/Handl,,,,,"Bridge, State, (Object)Adapter",0,95
/org/jhotdraw/draw/AbstractDrawingVie,,,,,"Template Method, Bridge, (Object)Adapter",132,319
/org/jhotdraw/api/app/Vie,,,,,"Bridge, State, (Object)Adapter",42,198
/org/jhotdraw/app/OSXApplicatio,,,,,"State, (Object)Adapter",4,9
/org/jhotdraw/draw/DrawingEdito,,,,,"Decorator, Bridge, State, (Object)Adapter",140,644
/org/jhotdraw/draw/tool/AbstractToo,,,,,"Bridge, (Object)Adapter",18,54
/org/jhotdraw/draw/event/DrawingComponentRepainte,,,,,"State, (Object)Adapter",4,4
/org/jhotdraw/draw/event/SelectionComponentRepainte,,,,,"State, (Object)Adapter",4,6
/org/jhotdraw/xml/DOMFactor,,,,,"State, (Object)Adapter",0,24
/org/jhotdraw/xml/JavaxDOMOutpu,,,,,"State, (Object)Adapter",12,34
/org/jhotdraw/xml/JavaxDOMInpu,,,,,"State, (Object)Adapter",10,28
/org/jhotdraw/color/ColorSliderMode,,,,,"State, (Object)Adapter",0,126
/org/jhotdraw/color/DefaultHarmonicColorMode,,,,,"Observer, State, (Object)Adapter",24,56
/org/jhotdraw/draw/io/DOMStorableInputOutputForma,,,,,"State, (Object)Adapter",0,0
/org/jhotdraw/draw/QuadTreeDrawin,,,,,Composite,3,22
/org/jhotdraw/draw/figure/AbstractCompositeFigur,,,,,"Bridge, Composite",0,0
/org/jhotdraw/draw/figure/LabeledLineConnectionFigur,,,,,Composite,5,24
/org/jhotdraw/draw/figure/QuadTreeCompositeFigur,,,,,Composite,5,20
/org/jhotdraw/draw/decoration/LineDecoratio,,,,,Composite,0,3
/org/jhotdraw/draw/decoration/CompositeLineDecoratio,,,,,Composite,2,1
/org/jhotdraw/draw/DrawingEditorProx,,,,,Decorator,3,7
/org/jhotdraw/draw/tool/SelectionToo,,,,,"Decorator, State",27,54
/org/jhotdraw/api/gui/ActivityMode,,,,,"Observer, State",14,40
/org/jhotdraw/gui/JActivityIndicato,,,,,Observer,7,7
/org/jhotdraw/color/HarmonicRul,,,,,Observer,0,6
/org/jhotdraw/draw/tool/DefaultDragTracke,,,,,State,9,4
/org/jhotdraw/draw/tool/DefaultHandleTracke,,,,,State,14,26
/org/jhotdraw/draw/tool/DefaultSelectAreaTracke,,,,,State,6,8
/org/jhotdraw/draw/tool/DnDTracke,,,,,State,8,4
/org/jhotdraw/draw/event/AttributeChangeEdi,,,,,State,5,1
/org/jhotdraw/draw/event/TransformRestoreEdi,,,,,State,4,1
/org/jhotdraw/draw/handle/BezierControlPointHandl,,,,,State,5,8
/org/jhotdraw/draw/handle/BezierNodeHandl,,,,,State,4,10
/org/jhotdraw/action/window/FocusWindowActio,,,,,State,4,2
/org/jhotdraw/gui/action/EditCanvasPane,,,,,State,13,3
/org/jhotdraw/draw/text/FloatingTextAre,,,,,State,10,10
/org/jhotdraw/draw/text/FloatingTextFiel,,,,,State,8,13
/org/jhotdraw/draw/tool/BezierToo,,,,,State,11,6
/org/jhotdraw/api/app/Applicatio,,,,,"Bridge, State",6,129
/org/jhotdraw/samples/teddy/FindDialo,,,,,State,21,0
/org/jhotdraw/samples/svg/gui/ViewToolBa,,,,,State,2,0
/org/jhotdraw/app/AppletApplicatio,,,,,State,3,9
/org/jhotdraw/draw/tool/TextAreaCreationToo,,,,,State,4,5
/org/jhotdraw/draw/tool/TextAreaEditingToo,,,,,State,3,5
/org/jhotdraw/draw/tool/TextCreationToo,,,,,State,3,8
/org/jhotdraw/draw/tool/TextEditingToo,,,,,State,3,8
/org/jhotdraw/draw/action/AttributeToggle,,,,,State,6,2
/org/jhotdraw/draw/action/DrawingColorIco,,,,,State,4,0
/org/jhotdraw/draw/action/SelectionColorIco,,,,,State,4,0
/org/jhotdraw/samples/svg/gui/DrawingOpacityIco,,,,,State,7,0
/org/jhotdraw/samples/svg/gui/SelectionOpacityIco,,,,,State,7,0
/org/jhotdraw/gui/action/ButtonFactor,,,,,State,2,0
/org/jhotdraw/samples/net/NetApplicationMode,,,,,State,2,0
/org/jhotdraw/samples/pert/PertApplicationMode,,,,,State,2,0
/org/jhotdraw/samples/svg/gui/ToolsToolBa,,,,,State,2,1
/org/jhotdraw/color/ColorTrackImageProduce,,,,,State,8,9
/org/jhotdraw/color/ColorWheelChoose,,,,,State,5,4
/org/jhotdraw/gui/plaf/palette/colorchooser/ColorSliderTextFieldHandle,,,,,State,3,3
/org/jhotdraw/gui/plaf/palette/colorchooser/PaletteCMYKChoose,,,,,State,25,4
/org/jhotdraw/gui/plaf/palette/colorchooser/PaletteHSBChoose,,,,,State,20,4
/org/jhotdraw/gui/plaf/palette/colorchooser/PaletteRGBChoose,,,,,State,14,4
/org/jhotdraw/app/action/app/ExitActio,,,,,State,4,0
/org/jhotdraw/gui/JActivityVie,,,,,State,13,1
/org/jhotdraw/draw/locator/Locato,,,,,"Bridge, State",0,4
/org/jhotdraw/draw/connector/LocatorConnecto,,,,,State,3,3
/org/jhotdraw/draw/event/SelectionComponentDisplaye,,,,,State,10,8
/org/jhotdraw/color/JColorWhee,,,,,State,28,27
/org/jhotdraw/color/AbstractColorWheelImageProduce,,,,,"Template Method, State",20,19
/org/jhotdraw/samples/draw/DrawVie,,,,,State,6,6
/org/jhotdraw/samples/net/NetVie,,,,,State,7,10
/org/jhotdraw/samples/odg/ODGVie,,,,,State,10,14
/org/jhotdraw/samples/pert/PertVie,,,,,State,6,10
/org/jhotdraw/color/JHarmonicColorWhee,,,,,State,8,5
/org/jhotdraw/color/HarmonicColorMode,,,,,State,1,17
/org/jhotdraw/action/window/ArrangeWindowsActio,,,,,State,6,0
/org/jhotdraw/api/gui/Arrangeabl,,,,,State,0,4
/org/jhotdraw/draw/tool/DragTracke,,,,,State,0,1
/org/jhotdraw/draw/tool/HandleTracke,,,,,State,0,1
/org/jhotdraw/draw/event/CompositeFigureEdi,,,,,State,2,0
/org/jhotdraw/draw/handle/AbstractConnectionHandl,,,,,"Template Method, Bridge",8,12
/org/jhotdraw/draw/action/AbstractDrawingViewActio,,,,,Bridge,10,6
/org/jhotdraw/draw/action/AbstractSelectedActio,,,,,Bridge,8,10
/org/jhotdraw/draw/event/AbstractAttributeEditorHandle,,,,,"Template Method, Bridge",44,42
/org/jhotdraw/action/AbstractApplicationActio,,,,,Bridge,4,2
/org/jhotdraw/api/gui/AttributeEdito,,,,,Bridge,2,8
/org/jhotdraw/action/AbstractViewActio,,,,,Bridge,10,3
/org/jhotdraw/draw/handle/LocatorHandl,,,,,Bridge,1,1
/org/jhotdraw/draw/layouter/Layoute,,,,,Bridge,0,2
/org/jhotdraw/draw/action/AbstractDrawingEditorActio,,,,,Bridge,3,4
/org/jhotdraw/app/action/AbstractSaveUnsavedChangesActio,,,,,Template Method,2,0
/org/jhotdraw/gui/plaf/palette/MultiIco,,,,,Template Method,4,2
/org/jhotdraw/draw/decoration/AbstractLineDecoratio,,,,,Template Method,4,8
/org/jhotdraw/draw/handle/AbstractRotateHandl,,,,,Template Method,6,5
/org/jhotdraw/samples/svg/figures/SVGPathOutlineHandl,,,,,Template Method,1,6
/org/jhotdraw/samples/svg/figures/LinkHandl,,,,,Template Method,0,6
/org/jhotdraw/samples/svg/figures/SVGRectRadiusHandl,,,,,Template Method,3,6
/org/jhotdraw/samples/svg/figures/ConvexHullOutlineHandl,,,,,Template Method,9,6
/org/jhotdraw/samples/odg/figures/ODGPathOutlineHandl,,,,,Template Method,2,6
/org/jhotdraw/samples/odg/figures/ODGRectRadiusHandl,,,,,Template Method,4,5
/org/jhotdraw/draw/action/AlignActio,,,,,Template Method,2,1
/org/jhotdraw/draw/figure/AbstractAttributedCompositeFigur,,,,,Template Method,7,50
/org/jhotdraw/draw/figure/AbstractAttributedFigur,,,,,Template Method,10,45
/org/jhotdraw/samples/mini/StraightLineFigur,,,,,Template Method,2,7
/org/jhotdraw/samples/svg/figures/SVGAttributedFigur,,,,,Template Method,1,3
/org/jhotdraw/samples/mini/MovableChildFiguresSampleWithAbstractDrawingVie,,,,,Template Method,1,23
