Class,TotalBrokenRules,Minor,Major,Critical,cg-na,cg-npm
core:src/main/java/io/questdb/Bootstrap.java,6,0.0,1.0,5.0,0,0
core:src/main/java/io/questdb/BootstrapConfiguration.java,1,0.0,1.0,0.0,0,0
core:src/main/java/io/questdb/PropServerConfiguration.java,4,1.0,0.0,3.0,0,0
core:src/main/java/io/questdb/ServerMain.java,1,0.0,0.0,1.0,8,10
core:src/main/java/io/questdb/TelemetryConfigLogger.java,1,0.0,1.0,0.0,0,0
core:src/main/java/io/questdb/cairo/AbstractIntervalDataFrameCursor.java,4,0.0,2.0,2.0,0,0
core:src/main/java/io/questdb/cairo/AttachDetachStatus.java,1,0.0,1.0,0.0,0,0
core:src/main/java/io/questdb/cairo/BitmapIndexBwdNullReader.java,1,0.0,0.0,1.0,0,0
core:src/main/java/io/questdb/cairo/BitmapIndexFwdNullReader.java,1,0.0,0.0,1.0,0,0
core:src/main/java/io/questdb/cairo/BitmapIndexUtils.java,1,0.0,0.0,1.0,0,0
core:src/main/java/io/questdb/cairo/CairoEngine.java,2,0.0,1.0,0.0,0,0
core:src/main/java/io/questdb/cairo/CairoException.java,1,1.0,0.0,0.0,0,0
core:src/main/java/io/questdb/cairo/CairoKeywords.java,1,0.0,1.0,0.0,0,0
core:src/main/java/io/questdb/cairo/ColumnPurgeOperator.java,2,1.0,0.0,1.0,0,0
core:src/main/java/io/questdb/cairo/ColumnVersionReader.java,1,0.0,1.0,0.0,0,0
core:src/main/java/io/questdb/cairo/ColumnVersionWriter.java,1,0.0,1.0,0.0,0,0
core:src/main/java/io/questdb/cairo/DebugUtils.java,1,0.0,1.0,0.0,1,1
core:src/main/java/io/questdb/cairo/O3CopyJob.java,1,0.0,1.0,0.0,0,0
core:src/main/java/io/questdb/cairo/O3OpenColumnJob.java,2,0.0,0.0,2.0,0,0
core:src/main/java/io/questdb/cairo/O3PartitionJob.java,1,0.0,0.0,1.0,0,0
core:src/main/java/io/questdb/cairo/O3PartitionPurgeJob.java,1,0.0,0.0,1.0,0,0
core:src/main/java/io/questdb/cairo/SecurityContext.java,6,0.0,0.0,0.0,0,0
core:src/main/java/io/questdb/cairo/TableConverter.java,4,0.0,1.0,3.0,0,0
core:src/main/java/io/questdb/cairo/TableNameRegistryFileStore.java,1,0.0,0.0,1.0,0,0
core:src/main/java/io/questdb/cairo/TableReader.java,10,0.0,5.0,5.0,0,0
core:src/main/java/io/questdb/cairo/TableUtils.java,6,0.0,2.0,4.0,82,77
core:src/main/java/io/questdb/cairo/TableWriter.java,28,0.0,10.0,18.0,0,0
core:src/main/java/io/questdb/cairo/TxReader.java,1,0.0,1.0,0.0,39,55
core:src/main/java/io/questdb/cairo/frm/DeletedFrameColumn.java,1,0.0,0.0,1.0,0,0
core:src/main/java/io/questdb/cairo/frm/FrameAlgebra.java,1,0.0,1.0,0.0,0,0
core:src/main/java/io/questdb/cairo/frm/file/ContiguousFileColumnPool.java,2,0.0,0.0,1.0,1,3
core:src/main/java/io/questdb/cairo/frm/file/ContiguousFileFixFrameColumn.java,6,0.0,6.0,0.0,0,0
core:src/main/java/io/questdb/cairo/frm/file/ContiguousFileVarFrameColumn.java,5,0.0,5.0,0.0,0,0
core:src/main/java/io/questdb/cairo/pool/AbstractMultiTenantPool.java,1,0.0,0.0,1.0,0,0
core:src/main/java/io/questdb/cairo/pool/WriterPool.java,1,0.0,0.0,1.0,0,0
core:src/main/java/io/questdb/cairo/ptt/PartitionDateParseUtil.java,8,0.0,7.0,1.0,0,0
core:src/main/java/io/questdb/cairo/security/AllowAllSecurityContext.java,1,0.0,1.0,0.0,1,0
core:src/main/java/io/questdb/cairo/security/ReadOnlySecurityContext.java,1,0.0,0.0,1.0,1,33
core:src/main/java/io/questdb/cairo/sql/SqlExecutionCircuitBreaker.java,1,0.0,0.0,1.0,0,0
core:src/main/java/io/questdb/cairo/vm/MemoryCMARWImpl.java,1,0.0,0.0,1.0,7,20
core:src/main/java/io/questdb/cairo/wal/ApplyWal2TableJob.java,4,0.0,2.0,2.0,0,0
core:src/main/java/io/questdb/cairo/wal/WalPurgeJob.java,1,0.0,0.0,1.0,0,0
core:src/main/java/io/questdb/cairo/wal/WalWriter.java,1,0.0,0.0,1.0,0,0
core:src/main/java/io/questdb/cairo/wal/seq/TableSequencerAPI.java,1,0.0,0.0,1.0,0,0
core:src/main/java/io/questdb/cutlass/auth/AnonymousAuthenticator.java,1,0.0,0.0,1.0,1,6
core:src/main/java/io/questdb/cutlass/auth/AuthUtils.java,1,0.0,1.0,0.0,0,0
core:src/main/java/io/questdb/cutlass/http/DefaultHttpServerConfiguration.java,1,0.0,1.0,0.0,5,11
core:src/main/java/io/questdb/cutlass/http/HttpConnectionContext.java,1,0.0,0.0,1.0,0,0
core:src/main/java/io/questdb/cutlass/http/MimeTypesCache.java,3,0.0,2.0,1.0,0,0
core:src/main/java/io/questdb/cutlass/http/processors/JsonQueryProcessor.java,2,0.0,0.0,2.0,0,0
core:src/main/java/io/questdb/cutlass/http/processors/TextImportProcessor.java,1,0.0,0.0,1.0,0,0
core:src/main/java/io/questdb/cutlass/http/processors/TextQueryProcessor.java,2,0.0,0.0,2.0,0,0
core:src/main/java/io/questdb/cutlass/line/tcp/LineTcpConnectionContext.java,1,0.0,0.0,1.0,0,0
core:src/main/java/io/questdb/cutlass/line/tcp/LineTcpMeasurementScheduler.java,1,0.0,0.0,1.0,0,0
core:src/main/java/io/questdb/cutlass/line/tcp/StaticPublicKeyRepo.java,2,1.0,0.0,1.0,2,0
core:src/main/java/io/questdb/cutlass/line/tcp/SymbolCache.java,1,0.0,1.0,0.0,0,0
core:src/main/java/io/questdb/cutlass/line/udp/LineUdpParserImpl.java,1,0.0,1.0,0.0,0,0
core:src/main/java/io/questdb/cutlass/pgwire/ClearTextPgWireAuthenticator.java,1,0.0,1.0,0.0,0,0
core:src/main/java/io/questdb/cutlass/pgwire/PGConnectionContext.java,5,0.0,2.0,3.0,0,0
core:src/main/java/io/questdb/cutlass/text/CairoTextWriter.java,4,0.0,2.0,2.0,0,0
core:src/main/java/io/questdb/cutlass/text/CopyRequestTask.java,1,0.0,1.0,0.0,10,12
core:src/main/java/io/questdb/cutlass/text/CopyTask.java,2,0.0,2.0,0.0,0,0
core:src/main/java/io/questdb/cutlass/text/ParallelCsvFileImporter.java,13,0.0,9.0,4.0,0,0
core:src/main/java/io/questdb/griffin/PurgingOperator.java,1,0.0,0.0,1.0,0,0
core:src/main/java/io/questdb/griffin/SqlCodeGenerator.java,2,0.0,0.0,2.0,0,0
core:src/main/java/io/questdb/griffin/SqlCompiler.java,15,5.0,1.0,9.0,0,0
core:src/main/java/io/questdb/griffin/SqlOptimiser.java,11,0.0,0.0,10.0,0,0
core:src/main/java/io/questdb/griffin/SqlUtil.java,1,0.0,0.0,1.0,6,40
core:src/main/java/io/questdb/griffin/WhereClauseParser.java,2,0.0,1.0,1.0,0,0
core:src/main/java/io/questdb/griffin/WhereClauseSymbolEstimator.java,1,0.0,0.0,1.0,0,0
core:src/main/java/io/questdb/griffin/engine/functions/catalogue/Constants.java,1,1.0,0.0,0.0,0,0
core:src/main/java/io/questdb/griffin/engine/functions/date/DateTruncFunctionFactory.java,2,0.0,0.0,2.0,0,0
core:src/main/java/io/questdb/griffin/engine/join/AbstractSymbolWrapOverCursor.java,1,0.0,1.0,0.0,0,0
core:src/main/java/io/questdb/griffin/engine/join/AsOfJoinRecordCursorFactory.java,1,0.0,1.0,0.0,0,0
core:src/main/java/io/questdb/griffin/engine/join/LtJoinRecordCursorFactory.java,1,0.0,1.0,0.0,0,0
core:src/main/java/io/questdb/griffin/engine/ops/CopyCancelFactory.java,2,1.0,1.0,0.0,0,0
core:src/main/java/io/questdb/griffin/engine/ops/CopyFactory.java,1,0.0,1.0,0.0,14,2
core:src/main/java/io/questdb/griffin/engine/table/ShowPartitionsRecordCursorFactory.java,3,0.0,0.0,3.0,0,0
core:src/main/java/io/questdb/griffin/model/IntervalUtils.java,5,2.0,1.0,2.0,0,0
core:src/main/java/io/questdb/griffin/model/QueryColumn.java,1,0.0,0.0,1.0,0,0
core:src/main/java/io/questdb/griffin/model/RuntimeIntervalModel.java,1,0.0,1.0,0.0,0,0
core:src/main/java/io/questdb/log/LogAlertSocket.java,3,1.0,0.0,2.0,0,0
core:src/main/java/io/questdb/log/LogFactory.java,1,0.0,0.0,1.0,0,0
core:src/main/java/io/questdb/log/LogRecordSink.java,4,2.0,1.0,0.0,0,0
core:src/main/java/io/questdb/std/Chars.java,2,0.0,0.0,0.0,0,0
core:src/main/java/io/questdb/std/Files.java,4,2.0,1.0,1.0,0,0
core:src/main/java/io/questdb/std/WeakObjectPoolBase.java,1,0.0,1.0,0.0,3,2
core:src/main/java/io/questdb/std/fastdouble/FastDoubleMath.java,7,6.0,0.0,1.0,0,0
core:src/main/java/io/questdb/std/fastdouble/FastDoubleSwar.java,3,2.0,1.0,0.0,0,0
core:src/main/java/io/questdb/std/fastdouble/FastFloatMath.java,1,0.0,0.0,1.0,0,0
core:src/main/java/io/questdb/std/str/Path.java,2,0.0,2.0,0.0,0,0
core:src/test/java/io/questdb/test/AbstractBootstrapTest.java,1,0.0,1.0,0.0,0,0
core:src/test/java/io/questdb/test/AbstractCairoTest.java,25,14.0,8.0,3.0,0,0
core:src/test/java/io/questdb/test/AbstractGriffinTest.java,22,1.0,15.0,5.0,0,0
core:src/test/java/io/questdb/test/AbstractTest.java,1,1.0,0.0,0.0,0,0
core:src/test/java/io/questdb/test/BootstrapTest.java,2,0.0,0.0,2.0,0,0
core:src/test/java/io/questdb/test/CollectionsTest.java,2,0.0,1.0,1.0,0,0
core:src/test/java/io/questdb/test/CreateTableTestUtils.java,2,0.0,1.0,1.0,0,0
core:src/test/java/io/questdb/test/FilesTest.java,13,2.0,0.0,10.0,0,0
core:src/test/java/io/questdb/test/MetricsTest.java,2,2.0,0.0,0.0,0,0
core:src/test/java/io/questdb/test/PerformanceTest.java,3,0.0,1.0,2.0,0,0
core:src/test/java/io/questdb/test/PropServerConfigurationTest.java,35,7.0,16.0,12.0,0,0
core:src/test/java/io/questdb/test/QuestDBTestNode.java,1,0.0,0.0,1.0,0,0
core:src/test/java/io/questdb/test/ServerMainBackupDatabaseTest.java,6,1.0,3.0,2.0,0,0
core:src/test/java/io/questdb/test/ServerMainForeignTableTest.java,11,0.0,2.0,8.0,0,0
core:src/test/java/io/questdb/test/ServerMainShowPartitionsTest.java,5,1.0,0.0,4.0,0,0
core:src/test/java/io/questdb/test/ServerMainVectorGroupByTest.java,2,0.0,0.0,2.0,0,0
core:src/test/java/io/questdb/test/TelemetryTest.java,10,3.0,0.0,7.0,0,0
core:src/test/java/io/questdb/test/TestListener.java,3,1.0,2.0,0.0,0,0
core:src/test/java/io/questdb/test/TestServerConfiguration.java,7,2.0,3.0,2.0,0,0
core:src/test/java/io/questdb/test/VolumeDefinitionsTest.java,8,3.0,1.0,4.0,0,0
core:src/test/java/io/questdb/test/cairo/BinarySearchTest.java,1,0.0,0.0,1.0,0,0
core:src/test/java/io/questdb/test/cairo/BitmapIndexTest.java,50,16.0,26.0,8.0,0,0
core:src/test/java/io/questdb/test/cairo/CairoEngineTest.java,7,0.0,6.0,1.0,0,0
core:src/test/java/io/questdb/test/cairo/CairoMemoryTest.java,10,2.0,5.0,3.0,0,0
core:src/test/java/io/questdb/test/cairo/CairoReadonlyEngineTest.java,2,1.0,0.0,1.0,0,0
core:src/test/java/io/questdb/test/cairo/ColumnVersionWriterTest.java,29,4.0,3.0,22.0,0,0
core:src/test/java/io/questdb/test/cairo/CreateTableTest.java,27,0.0,5.0,22.0,0,0
core:src/test/java/io/questdb/test/cairo/DoubleReloadTest.java,1,0.0,0.0,1.0,0,0
core:src/test/java/io/questdb/test/cairo/FullBwdDataFrameCursorTest.java,4,1.0,3.0,0.0,0,0
core:src/test/java/io/questdb/test/cairo/FullFwdDataFrameCursorFactoryTest.java,4,2.0,2.0,0.0,0,0
core:src/test/java/io/questdb/test/cairo/FullFwdDataFrameCursorTest.java,110,40.0,59.0,10.0,0,0
core:src/test/java/io/questdb/test/cairo/GenericRecordMetadataTest.java,2,0.0,1.0,1.0,0,0
core:src/test/java/io/questdb/test/cairo/GeoHashesTest.java,14,4.0,5.0,5.0,0,0
core:src/test/java/io/questdb/test/cairo/IndexBuilderTest.java,28,5.0,6.0,17.0,0,0
core:src/test/java/io/questdb/test/cairo/IntervalBwdDataFrameCursorTest.java,46,11.0,8.0,27.0,0,0
core:src/test/java/io/questdb/test/cairo/IntervalFwdDataFrameCursorTest.java,48,13.0,8.0,27.0,0,0
core:src/test/java/io/questdb/test/cairo/MemRemappedFileTest.java,1,0.0,0.0,1.0,0,0
core:src/test/java/io/questdb/test/cairo/PartitionByTest.java,21,1.0,3.0,17.0,0,0
core:src/test/java/io/questdb/test/cairo/RecordChainTest.java,4,3.0,1.0,0.0,0,0
core:src/test/java/io/questdb/test/cairo/RecordCursorPrinter.java,3,0.0,3.0,0.0,0,0
core:src/test/java/io/questdb/test/cairo/RecoverVarIndexTest.java,13,3.0,0.0,10.0,0,0
core:src/test/java/io/questdb/test/cairo/SymbolMapTest.java,19,15.0,4.0,0.0,0,0
core:src/test/java/io/questdb/test/cairo/TableModel.java,2,0.0,2.0,0.0,0,0
core:src/test/java/io/questdb/test/cairo/TableNameRegistryTest.java,8,0.0,4.0,4.0,0,0
core:src/test/java/io/questdb/test/cairo/TableReadFailTest.java,3,1.0,2.0,0.0,0,0
core:src/test/java/io/questdb/test/cairo/TableReaderMetadataTest.java,23,9.0,0.0,14.0,0,0
core:src/test/java/io/questdb/test/cairo/TableReaderMetadataTimestampTest.java,18,3.0,0.0,15.0,0,0
core:src/test/java/io/questdb/test/cairo/TableReaderReloadFuzzTest.java,1,0.0,1.0,0.0,0,0
core:src/test/java/io/questdb/test/cairo/TableReaderReloadTest.java,3,0.0,3.0,0.0,0,0
core:src/test/java/io/questdb/test/cairo/TableReaderTailRecordCursorTest.java,4,0.0,3.0,1.0,0,0
core:src/test/java/io/questdb/test/cairo/TableReaderTest.java,85,27.0,38.0,20.0,0,0
core:src/test/java/io/questdb/test/cairo/TableUtilsTest.java,7,1.0,5.0,1.0,0,0
core:src/test/java/io/questdb/test/cairo/TableWriterTest.java,117,45.0,47.0,24.0,0,0
core:src/test/java/io/questdb/test/cairo/TxnScoreboardTest.java,15,0.0,5.0,10.0,0,0
core:src/test/java/io/questdb/test/cairo/TxnTest.java,5,2.0,0.0,3.0,0,0
core:src/test/java/io/questdb/test/cairo/map/CompactMapTest.java,21,12.0,8.0,1.0,0,0
core:src/test/java/io/questdb/test/cairo/map/FastMapTest.java,23,11.0,10.0,2.0,0,0
core:src/test/java/io/questdb/test/cairo/map/RecordValueSinkFactoryTest.java,2,0.0,2.0,0.0,0,0
core:src/test/java/io/questdb/test/cairo/pool/ReaderPoolTest.java,23,4.0,14.0,5.0,0,0
core:src/test/java/io/questdb/test/cairo/pool/WriterPoolTest.java,28,3.0,21.0,4.0,0,0
core:src/test/java/io/questdb/test/cairo/sql/RecordTest.java,1,1.0,0.0,0.0,0,0
core:src/test/java/io/questdb/test/cairo/vm/ContiguousMemoryMTest.java,22,21.0,1.0,0.0,0,0
core:src/test/java/io/questdb/test/cairo/vm/ContiguousOffsetMappedMemoryTest.java,3,1.0,2.0,0.0,0,0
core:src/test/java/io/questdb/test/cairo/vm/MemoryCARWImplTest.java,9,4.0,1.0,3.0,0,0
core:src/test/java/io/questdb/test/cairo/vm/MemoryPARWImplTest.java,5,4.0,0.0,0.0,0,0
core:src/test/java/io/questdb/test/cairo/vm/MemoryPMARImplTest.java,1,1.0,0.0,0.0,0,0
core:src/test/java/io/questdb/test/cairo/wal/TableSequencerImplTest.java,1,0.0,0.0,1.0,0,0
core:src/test/java/io/questdb/test/cairo/wal/WalTableWriterFuzzTest.java,10,0.0,2.0,8.0,0,0
core:src/test/java/io/questdb/test/cairo/wal/WalWriterTest.java,65,5.0,47.0,13.0,0,0
core:src/test/java/io/questdb/test/cairo/wal/WriteAndReadSyncTest.java,3,1.0,1.0,1.0,0,0
core:src/test/java/io/questdb/test/client/LineSenderBuilderTest.java,8,0.0,0.0,8.0,0,0
core:src/test/java/io/questdb/test/cutlass/IODispatcherHeartbeatTest.java,6,1.0,0.0,3.0,0,0
core:src/test/java/io/questdb/test/cutlass/NetUtils.java,3,1.0,1.0,1.0,0,0
core:src/test/java/io/questdb/test/cutlass/http/DispatcherWriterQueueTest.java,15,4.0,3.0,8.0,0,0
core:src/test/java/io/questdb/test/cutlass/http/HealthCheckTest.java,10,0.0,0.0,10.0,0,0
core:src/test/java/io/questdb/test/cutlass/http/HttpAlterTableTest.java,1,0.0,0.0,1.0,0,0
core:src/test/java/io/questdb/test/cutlass/http/HttpFlushQueryCacheTest.java,1,0.0,0.0,1.0,0,0
core:src/test/java/io/questdb/test/cutlass/http/HttpHeaderParserTest.java,5,1.0,1.0,3.0,0,0
core:src/test/java/io/questdb/test/cutlass/http/HttpHealthCheckTestBuilder.java,5,4.0,0.0,1.0,0,0
core:src/test/java/io/questdb/test/cutlass/http/HttpMinTestBuilder.java,2,2.0,0.0,0.0,0,0
core:src/test/java/io/questdb/test/cutlass/http/HttpMultipartContentParserTest.java,7,3.0,1.0,3.0,0,0
core:src/test/java/io/questdb/test/cutlass/http/HttpQueryTestBuilder.java,14,13.0,0.0,1.0,0,0
core:src/test/java/io/questdb/test/cutlass/http/IODispatcherTest.java,268,32.0,22.0,214.0,0,0
core:src/test/java/io/questdb/test/cutlass/http/ImportIODispatcherTest.java,97,29.0,6.0,62.0,0,0
core:src/test/java/io/questdb/test/cutlass/http/MetricsIODispatcherTest.java,1,0.0,0.0,1.0,0,0
core:src/test/java/io/questdb/test/cutlass/http/MimeTypesCacheTest.java,2,0.0,0.0,2.0,0,0
core:src/test/java/io/questdb/test/cutlass/http/RetryIODispatcherTest.java,56,6.0,30.0,20.0,0,0
core:src/test/java/io/questdb/test/cutlass/http/SendAndReceiveRequestBuilder.java,16,7.0,4.0,5.0,0,0
core:src/test/java/io/questdb/test/cutlass/http/WaitProcessorTest.java,5,0.0,2.0,3.0,0,0
core:src/test/java/io/questdb/test/cutlass/json/JsonLexerTest.java,9,0.0,4.0,5.0,0,0
core:src/test/java/io/questdb/test/cutlass/line/AbstractLinePartitionReadOnlyTest.java,13,0.0,1.0,12.0,0,0
core:src/test/java/io/questdb/test/cutlass/line/LineSenderExceptionTest.java,4,3.0,0.0,1.0,0,0
core:src/test/java/io/questdb/test/cutlass/line/interop/TestInterop.java,18,1.0,13.0,4.0,0,0
core:src/test/java/io/questdb/test/cutlass/line/tcp/AbstractLineTcpReceiverFuzzTest.java,9,1.0,4.0,4.0,0,0
core:src/test/java/io/questdb/test/cutlass/line/tcp/AbstractLineTcpReceiverTest.java,10,5.0,5.0,0.0,0,0
core:src/test/java/io/questdb/test/cutlass/line/tcp/AlterTableDropActivePartitionLineTest.java,3,1.0,1.0,1.0,0,0
core:src/test/java/io/questdb/test/cutlass/line/tcp/AlterTableLineTcpReceiverTest.java,28,14.0,1.0,13.0,0,0
core:src/test/java/io/questdb/test/cutlass/line/tcp/AlterWalTableLineTcpReceiverTest.java,35,17.0,2.0,16.0,0,0
core:src/test/java/io/questdb/test/cutlass/line/tcp/BaseLineTcpContextTest.java,4,0.0,1.0,3.0,0,0
core:src/test/java/io/questdb/test/cutlass/line/tcp/BaseLineTcpInsertGeoHashTest.java,4,1.0,1.0,2.0,0,0
core:src/test/java/io/questdb/test/cutlass/line/tcp/ColumnNameType.java,2,2.0,0.0,0.0,0,0
core:src/test/java/io/questdb/test/cutlass/line/tcp/DelegatingTlsChannelTest.java,2,0.0,1.0,1.0,0,0
core:src/test/java/io/questdb/test/cutlass/line/tcp/EllipticCurveAuthConnectionContextTest.java,10,0.0,3.0,7.0,0,0
core:src/test/java/io/questdb/test/cutlass/line/tcp/IOTableUpdateDetailsPoolTest.java,2,0.0,0.0,2.0,0,0
core:src/test/java/io/questdb/test/cutlass/line/tcp/LineTcpConnectionContextTest.java,56,1.0,2.0,53.0,0,0
core:src/test/java/io/questdb/test/cutlass/line/tcp/LineTcpInsertByteGeoHashTest.java,5,0.0,0.0,4.0,0,0
core:src/test/java/io/questdb/test/cutlass/line/tcp/LineTcpInsertIntGeoHashTest.java,1,0.0,0.0,1.0,0,0
core:src/test/java/io/questdb/test/cutlass/line/tcp/LineTcpInsertLongGeoHashTest.java,4,0.0,0.0,4.0,0,0
core:src/test/java/io/questdb/test/cutlass/line/tcp/LineTcpInsertOtherTypesTest.java,36,1.0,1.0,34.0,0,0
core:src/test/java/io/questdb/test/cutlass/line/tcp/LineTcpInsertShortGeoHashTest.java,3,0.0,0.0,3.0,0,0
core:src/test/java/io/questdb/test/cutlass/line/tcp/LineTcpO3Test.java,11,7.0,3.0,1.0,0,0
core:src/test/java/io/questdb/test/cutlass/line/tcp/LineTcpParser2Test.java,10,0.0,4.0,6.0,0,0
core:src/test/java/io/questdb/test/cutlass/line/tcp/LineTcpPartitionReadOnlyTest.java,2,0.0,0.0,2.0,0,0
core:src/test/java/io/questdb/test/cutlass/line/tcp/LineTcpReceiverFuzzTest.java,2,1.0,0.0,1.0,0,0
core:src/test/java/io/questdb/test/cutlass/line/tcp/LineTcpReceiverTest.java,97,42.0,14.0,41.0,0,0
core:src/test/java/io/questdb/test/cutlass/line/tcp/LineTcpReceiverUpdateFuzzTest.java,2,0.0,2.0,0.0,0,0
core:src/test/java/io/questdb/test/cutlass/line/tcp/LineTcpSenderTest.java,13,5.0,0.0,8.0,0,0
core:src/test/java/io/questdb/test/cutlass/line/tcp/LineTcpTypeConversionTest.java,9,1.0,1.0,7.0,0,0
core:src/test/java/io/questdb/test/cutlass/line/tcp/LineTlsTcpSenderTest.java,3,0.0,1.0,2.0,0,0
core:src/test/java/io/questdb/test/cutlass/line/tcp/SymbolCacheTest.java,23,3.0,1.0,19.0,0,0
core:src/test/java/io/questdb/test/cutlass/line/tcp/load/LineData.java,3,1.0,1.0,1.0,0,0
core:src/test/java/io/questdb/test/cutlass/line/tcp/load/TableData.java,1,0.0,1.0,0.0,0,0
core:src/test/java/io/questdb/test/cutlass/line/udp/LineUdpInsertByteGeoHashTest.java,4,0.0,0.0,3.0,0,0
core:src/test/java/io/questdb/test/cutlass/line/udp/LineUdpInsertGeoHashTest.java,2,0.0,0.0,2.0,0,0
core:src/test/java/io/questdb/test/cutlass/line/udp/LineUdpInsertIntGeoHashTest.java,3,0.0,0.0,3.0,0,0
core:src/test/java/io/questdb/test/cutlass/line/udp/LineUdpInsertLongGeoHashTest.java,3,0.0,0.0,3.0,0,0
core:src/test/java/io/questdb/test/cutlass/line/udp/LineUdpInsertOtherTypesTest.java,36,0.0,1.0,35.0,0,0
core:src/test/java/io/questdb/test/cutlass/line/udp/LineUdpInsertShortGeoHashTest.java,3,0.0,0.0,3.0,0,0
core:src/test/java/io/questdb/test/cutlass/line/udp/LineUdpLexerTest.java,7,1.0,0.0,6.0,0,0
core:src/test/java/io/questdb/test/cutlass/line/udp/LineUdpParserImplTest.java,37,0.0,1.0,36.0,0,0
core:src/test/java/io/questdb/test/cutlass/line/udp/LineUdpParserSupportTest.java,14,6.0,0.0,8.0,0,0
core:src/test/java/io/questdb/test/cutlass/line/udp/LineUdpPartitionReadOnlyTest.java,3,0.0,0.0,3.0,0,0
core:src/test/java/io/questdb/test/cutlass/line/udp/LinuxLineUdpProtoReceiverTest.java,5,2.0,2.0,1.0,0,0
core:src/test/java/io/questdb/test/cutlass/line/udp/UdpLineChannelTest.java,3,3.0,0.0,0.0,0,0
core:src/test/java/io/questdb/test/cutlass/pgwire/BasePGTest.java,2,0.0,1.0,1.0,0,0
core:src/test/java/io/questdb/test/cutlass/pgwire/PGJobContextTest.java,251,4.0,30.0,209.0,0,0
core:src/test/java/io/questdb/test/cutlass/pgwire/PGMultiStatementMessageTest.java,30,0.0,0.0,29.0,0,0
core:src/test/java/io/questdb/test/cutlass/pgwire/PGQuerySuspendabilityTest.java,1,0.0,0.0,1.0,0,0
core:src/test/java/io/questdb/test/cutlass/pgwire/PGSecurityTest.java,7,0.0,2.0,5.0,0,0
core:src/test/java/io/questdb/test/cutlass/pgwire/PGUpdateConcurrentTest.java,10,0.0,3.0,7.0,0,0
core:src/test/java/io/questdb/test/cutlass/text/CsvFileIndexerTest.java,3,0.0,0.0,3.0,0,0
core:src/test/java/io/questdb/test/cutlass/text/ParallelCsvFileImporterTest.java,66,2.0,5.0,59.0,0,0
core:src/test/java/io/questdb/test/cutlass/text/SqlExecutionContextStub.java,11,0.0,0.0,11.0,0,0
core:src/test/java/io/questdb/test/cutlass/text/TextLoaderTest.java,165,1.0,4.0,160.0,0,0
core:src/test/java/io/questdb/test/cutlass/text/types/TypeManagerTest.java,1,0.0,0.0,1.0,0,0
core:src/test/java/io/questdb/test/fuzz/FuzzInsertOperation.java,6,2.0,3.0,1.0,0,0
core:src/test/java/io/questdb/test/fuzz/FuzzTransaction.java,5,5.0,0.0,0.0,0,0
core:src/test/java/io/questdb/test/fuzz/FuzzTransactionGenerator.java,6,1.0,3.0,2.0,0,0
core:src/test/java/io/questdb/test/griffin/AbstractAlterTableAttachPartitionTest.java,1,1.0,0.0,0.0,0,0
core:src/test/java/io/questdb/test/griffin/AbstractO3Test.java,11,0.0,3.0,8.0,0,0
core:src/test/java/io/questdb/test/griffin/AbstractSqlParserTest.java,1,0.0,0.0,1.0,0,0
core:src/test/java/io/questdb/test/griffin/AddIndexTest.java,8,0.0,0.0,8.0,0,0
core:src/test/java/io/questdb/test/griffin/AlterTableAddColumnTest.java,15,0.0,0.0,15.0,0,0
core:src/test/java/io/questdb/test/griffin/AlterTableAlterColumnTest.java,1,0.0,1.0,0.0,0,0
core:src/test/java/io/questdb/test/griffin/AlterTableAlterSymbolColumnCacheFlagTest.java,5,0.0,0.0,5.0,0,0
core:src/test/java/io/questdb/test/griffin/AlterTableAttachPartitionFromSoftLinkTest.java,63,0.0,4.0,59.0,0,0
core:src/test/java/io/questdb/test/griffin/AlterTableAttachPartitionTest.java,15,0.0,1.0,14.0,0,0
core:src/test/java/io/questdb/test/griffin/AlterTableDetachPartitionTest.java,79,0.0,1.0,78.0,0,0
core:src/test/java/io/questdb/test/griffin/AlterTableDropActivePartitionTest.java,22,0.0,0.0,22.0,0,0
core:src/test/java/io/questdb/test/griffin/AlterTableDropPartitionTest.java,35,0.0,3.0,32.0,0,0
core:src/test/java/io/questdb/test/griffin/AlterTableO3MaxLagTest.java,10,0.0,2.0,8.0,0,0
core:src/test/java/io/questdb/test/griffin/AlterTableRenameColumnTest.java,13,0.0,0.0,13.0,0,0
core:src/test/java/io/questdb/test/griffin/AlterTableSetTypeRestartTest.java,1,0.0,0.0,1.0,0,0
core:src/test/java/io/questdb/test/griffin/AlterTableSetTypeTest.java,1,0.0,0.0,1.0,0,0
core:src/test/java/io/questdb/test/griffin/AlterTableWalEnabledTest.java,3,0.0,0.0,3.0,0,0
core:src/test/java/io/questdb/test/griffin/AsOfJoinTest.java,44,0.0,1.0,43.0,0,0
core:src/test/java/io/questdb/test/griffin/AsyncOffloadTest.java,10,0.0,1.0,9.0,0,0
core:src/test/java/io/questdb/test/griffin/BaseFunctionFactoryTest.java,1,1.0,0.0,0.0,0,0
core:src/test/java/io/questdb/test/griffin/BitwiseTest.java,1,0.0,0.0,1.0,0,0
core:src/test/java/io/questdb/test/griffin/ColumnPurgeJobTest.java,48,2.0,3.0,43.0,0,0
core:src/test/java/io/questdb/test/griffin/ColumnVersionTest.java,6,0.0,0.0,6.0,0,0
core:src/test/java/io/questdb/test/griffin/CompiledFilterRegressionTest.java,25,1.0,1.0,23.0,0,0
core:src/test/java/io/questdb/test/griffin/CompiledFilterTest.java,13,0.0,2.0,11.0,0,0
core:src/test/java/io/questdb/test/griffin/CopyTest.java,25,1.0,1.0,23.0,0,0
core:src/test/java/io/questdb/test/griffin/CustomisableRunnable.java,1,0.0,1.0,0.0,0,0
core:src/test/java/io/questdb/test/griffin/DataGripTest.java,2,0.0,0.0,2.0,0,0
core:src/test/java/io/questdb/test/griffin/DistinctKeyRecordCursorFactoryTest.java,13,0.0,0.0,13.0,0,0
core:src/test/java/io/questdb/test/griffin/DistinctTimeSeriesTest.java,8,0.0,0.0,8.0,0,0
core:src/test/java/io/questdb/test/griffin/DistinctWithLimitTest.java,11,0.0,0.0,11.0,0,0
core:src/test/java/io/questdb/test/griffin/DropIndexTest.java,24,4.0,1.0,19.0,0,0
core:src/test/java/io/questdb/test/griffin/DropTableTest.java,2,0.0,0.0,2.0,0,0
core:src/test/java/io/questdb/test/griffin/EngineMigrationTest.java,25,0.0,0.0,25.0,0,0
core:src/test/java/io/questdb/test/griffin/EscapeTest.java,1,0.0,0.0,1.0,0,0
core:src/test/java/io/questdb/test/griffin/ExcelODBCTest.java,4,0.0,0.0,4.0,0,0
core:src/test/java/io/questdb/test/griffin/ExceptTest.java,3,0.0,0.0,3.0,0,0
core:src/test/java/io/questdb/test/griffin/ExplainPlanTest.java,338,2.0,12.0,288.0,0,0
core:src/test/java/io/questdb/test/griffin/ExpressionParserTest.java,22,2.0,0.0,20.0,0,0
core:src/test/java/io/questdb/test/griffin/FunctionParserTest.java,16,1.0,13.0,2.0,0,0
core:src/test/java/io/questdb/test/griffin/GriffinParserTestUtils.java,1,0.0,1.0,0.0,0,0
core:src/test/java/io/questdb/test/griffin/GroupByFunctionTest.java,23,0.0,0.0,23.0,0,0
core:src/test/java/io/questdb/test/griffin/GroupByRewriteTest.java,10,0.0,0.0,10.0,0,0
core:src/test/java/io/questdb/test/griffin/GroupByTest.java,64,0.0,1.0,63.0,0,0
core:src/test/java/io/questdb/test/griffin/HideTelemetryTablesTest.java,2,0.0,0.0,2.0,0,0
core:src/test/java/io/questdb/test/griffin/ImplicitToTimestampCastTest.java,4,0.0,0.0,4.0,0,0
core:src/test/java/io/questdb/test/griffin/ImplicitTypeConversionsTest.java,10,0.0,0.0,10.0,0,0
core:src/test/java/io/questdb/test/griffin/InsertCastTest.java,26,0.0,0.0,26.0,0,0
core:src/test/java/io/questdb/test/griffin/InsertNullGeoHashTest.java,1,0.0,0.0,1.0,0,0
core:src/test/java/io/questdb/test/griffin/InsertNullTest.java,4,0.0,0.0,4.0,0,0
core:src/test/java/io/questdb/test/griffin/InsertTest.java,35,1.0,15.0,19.0,0,0
core:src/test/java/io/questdb/test/griffin/IntersectTest.java,2,0.0,0.0,2.0,0,0
core:src/test/java/io/questdb/test/griffin/JoinTest.java,207,0.0,1.0,205.0,0,0
core:src/test/java/io/questdb/test/griffin/KeyedAggregationTest.java,45,1.0,2.0,42.0,0,0
core:src/test/java/io/questdb/test/griffin/LatestByTest.java,38,0.0,3.0,35.0,0,0
core:src/test/java/io/questdb/test/griffin/LimitTest.java,47,0.0,0.0,47.0,0,0
core:src/test/java/io/questdb/test/griffin/Long128Tests.java,30,0.0,0.0,30.0,0,0
core:src/test/java/io/questdb/test/griffin/MemoryLeakTest.java,1,1.0,0.0,0.0,0,0
core:src/test/java/io/questdb/test/griffin/NestedSetOperationTest.java,41,0.0,2.0,39.0,0,0
core:src/test/java/io/questdb/test/griffin/NoopGroupByTest.java,30,0.0,2.0,28.0,0,0
core:src/test/java/io/questdb/test/griffin/NullLiteralsTest.java,4,0.0,0.0,4.0,0,0
core:src/test/java/io/questdb/test/griffin/O3FailureTest.java,106,2.0,20.0,80.0,0,0
core:src/test/java/io/questdb/test/griffin/O3MaxLagFuzzTest.java,1,1.0,0.0,0.0,0,0
core:src/test/java/io/questdb/test/griffin/O3MaxLagTest.java,43,1.0,1.0,41.0,0,0
core:src/test/java/io/questdb/test/griffin/O3MetricsTest.java,11,2.0,0.0,9.0,0,0
core:src/test/java/io/questdb/test/griffin/O3PartitionPurgeTest.java,11,0.0,1.0,10.0,0,0
core:src/test/java/io/questdb/test/griffin/O3SplitPartitionTest.java,29,1.0,3.0,25.0,0,0
core:src/test/java/io/questdb/test/griffin/O3SquashPartitionTest.java,32,0.0,0.0,32.0,0,0
core:src/test/java/io/questdb/test/griffin/O3Test.java,117,0.0,8.0,109.0,0,0
core:src/test/java/io/questdb/test/griffin/OrderByAdviceTest.java,99,0.0,0.0,99.0,0,0
core:src/test/java/io/questdb/test/griffin/OrderByAscRowSkippingTest.java,24,0.0,0.0,24.0,0,0
core:src/test/java/io/questdb/test/griffin/OrderByDescRowSkippingTest.java,26,0.0,0.0,26.0,0,0
core:src/test/java/io/questdb/test/griffin/OrderByExpressionTest.java,6,0.0,0.0,5.0,0,0
core:src/test/java/io/questdb/test/griffin/OrderByNothingRowSkippingTest.java,1,1.0,0.0,0.0,0,0
core:src/test/java/io/questdb/test/griffin/OrderByTimeoutTest.java,5,2.0,0.0,3.0,0,0
core:src/test/java/io/questdb/test/griffin/OrderByWithAsyncFilterTest.java,21,0.0,0.0,21.0,0,0
core:src/test/java/io/questdb/test/griffin/OrderByWithFilterTest.java,45,0.0,0.0,45.0,0,0
core:src/test/java/io/questdb/test/griffin/OrderByWithIntervalFilterTest.java,43,0.0,0.0,43.0,0,0
core:src/test/java/io/questdb/test/griffin/PageFrameCursorTest.java,2,0.0,0.0,2.0,0,0
core:src/test/java/io/questdb/test/griffin/PartitionDeleteTest.java,4,0.0,2.0,2.0,0,0
core:src/test/java/io/questdb/test/griffin/PowerTest.java,1,0.0,0.0,1.0,0,0
core:src/test/java/io/questdb/test/griffin/ReaderPoolTableFunctionTest.java,5,0.0,3.0,2.0,0,0
core:src/test/java/io/questdb/test/griffin/RemovePartitionTest.java,1,0.0,1.0,0.0,0,0
core:src/test/java/io/questdb/test/griffin/SampleBySqlParserTest.java,1,0.0,0.0,1.0,0,0
core:src/test/java/io/questdb/test/griffin/SecurityTest.java,36,1.0,2.0,33.0,0,0
core:src/test/java/io/questdb/test/griffin/ShowPartitionsTest.java,17,1.0,0.0,16.0,0,0
core:src/test/java/io/questdb/test/griffin/ShowTablesTest.java,4,0.0,0.0,4.0,0,0
core:src/test/java/io/questdb/test/griffin/SimulatedDeleteTest.java,1,0.0,0.0,1.0,0,0
core:src/test/java/io/questdb/test/griffin/SnapshotTest.java,17,0.0,4.0,13.0,0,0
core:src/test/java/io/questdb/test/griffin/SortAndLimitTest.java,8,1.0,0.0,7.0,0,0
core:src/test/java/io/questdb/test/griffin/SqlCodeGeneratorTest.java,269,0.0,8.0,260.0,0,0
core:src/test/java/io/questdb/test/griffin/SqlCompilerTest.java,155,0.0,6.0,149.0,0,0
core:src/test/java/io/questdb/test/griffin/SqlKeywordsTest.java,2,0.0,1.0,1.0,0,0
core:src/test/java/io/questdb/test/griffin/SqlParserTest.java,166,0.0,0.0,165.0,0,0
core:src/test/java/io/questdb/test/griffin/SqlParserUpdateTest.java,1,0.0,0.0,1.0,0,0
core:src/test/java/io/questdb/test/griffin/SqlUtilTest.java,2,0.0,0.0,2.0,0,0
core:src/test/java/io/questdb/test/griffin/SymbolNotEqualsValueTest.java,22,0.0,0.0,22.0,0,0
core:src/test/java/io/questdb/test/griffin/TableBackupTest.java,5,1.0,1.0,3.0,0,0
core:src/test/java/io/questdb/test/griffin/TableWriterAsyncCmdTest.java,7,0.0,0.0,7.0,0,0
core:src/test/java/io/questdb/test/griffin/TimestampQueryTest.java,26,0.0,0.0,26.0,0,0
core:src/test/java/io/questdb/test/griffin/TruncateTest.java,14,0.0,1.0,13.0,0,0
core:src/test/java/io/questdb/test/griffin/UnionAllCastTest.java,78,0.0,0.0,78.0,0,0
core:src/test/java/io/questdb/test/griffin/UnionTest.java,102,0.0,1.0,100.0,0,0
core:src/test/java/io/questdb/test/griffin/UpdateConcurrentTest.java,3,0.0,2.0,1.0,0,0
core:src/test/java/io/questdb/test/griffin/UpdateTest.java,80,4.0,1.0,75.0,0,0
core:src/test/java/io/questdb/test/griffin/UuidTest.java,27,0.0,0.0,27.0,0,0
core:src/test/java/io/questdb/test/griffin/VacuumColumnVersionTest.java,16,0.0,0.0,16.0,0,0
core:src/test/java/io/questdb/test/griffin/VacuumTablePartitionTest.java,1,0.0,0.0,1.0,0,0
core:src/test/java/io/questdb/test/griffin/WhereClauseParserTest.java,70,0.0,41.0,29.0,0,0
core:src/test/java/io/questdb/test/griffin/WhereClauseSymbolEstimatorTest.java,5,0.0,4.0,1.0,0,0
core:src/test/java/io/questdb/test/griffin/WithClauseTest.java,7,0.0,0.0,7.0,0,0
core:src/test/java/io/questdb/test/griffin/engine/AbstractFunctionFactoryTest.java,16,0.0,6.0,10.0,0,0
core:src/test/java/io/questdb/test/griffin/engine/QueryExecutionTimeoutTest.java,15,0.0,1.0,14.0,0,0
core:src/test/java/io/questdb/test/griffin/engine/analytic/AnalyticFunctionTest.java,22,0.0,0.0,22.0,0,0
core:src/test/java/io/questdb/test/griffin/engine/functions/BooleanFunctionTest.java,4,0.0,1.0,3.0,0,0
core:src/test/java/io/questdb/test/griffin/engine/functions/CharFunctionTest.java,2,1.0,0.0,1.0,0,0
core:src/test/java/io/questdb/test/griffin/engine/functions/DateFunctionTest.java,1,0.0,1.0,0.0,0,0
core:src/test/java/io/questdb/test/griffin/engine/functions/GeoByteFunctionTest.java,2,0.0,1.0,1.0,0,0
core:src/test/java/io/questdb/test/griffin/engine/functions/GeoIntFunctionTest.java,2,0.0,1.0,1.0,0,0
core:src/test/java/io/questdb/test/griffin/engine/functions/GeoLongFunctionTest.java,2,0.0,1.0,1.0,0,0
core:src/test/java/io/questdb/test/griffin/engine/functions/GeoShortFunctionTest.java,2,0.0,1.0,1.0,0,0
core:src/test/java/io/questdb/test/griffin/engine/functions/GroupByFunctionTest.java,9,0.0,2.0,7.0,0,0
core:src/test/java/io/questdb/test/griffin/engine/functions/Long256FunctionTest.java,1,0.0,0.0,1.0,0,0
core:src/test/java/io/questdb/test/griffin/engine/functions/RecordFunctionTest.java,1,0.0,1.0,0.0,0,0
core:src/test/java/io/questdb/test/griffin/engine/functions/StrFunctionTest.java,1,0.0,0.0,1.0,0,0
core:src/test/java/io/questdb/test/griffin/engine/functions/TimestampFunctionTest.java,2,0.0,1.0,1.0,0,0
core:src/test/java/io/questdb/test/griffin/engine/functions/TouchTableFunctionTest.java,1,0.0,0.0,1.0,0,0
core:src/test/java/io/questdb/test/griffin/engine/functions/bind/BindVariableServiceImplTest.java,5,1.0,1.0,3.0,0,0
core:src/test/java/io/questdb/test/griffin/engine/functions/bind/BindVariablesTest.java,11,1.0,1.0,9.0,0,0
core:src/test/java/io/questdb/test/griffin/engine/functions/bool/AllNotEqStrFunctionFactoryTest.java,3,0.0,0.0,3.0,0,0
core:src/test/java/io/questdb/test/griffin/engine/functions/cast/CastLongToGeoHashFunctionFactoryTest.java,1,0.0,0.0,1.0,0,0
core:src/test/java/io/questdb/test/griffin/engine/functions/cast/CastTest.java,129,0.0,0.0,129.0,0,0
core:src/test/java/io/questdb/test/griffin/engine/functions/catalogue/BrokenIntReadTest.java,10,0.0,0.0,10.0,0,0
core:src/test/java/io/questdb/test/griffin/engine/functions/catalogue/CurrentSchemasFunctionFactoryTest.java,1,0.0,0.0,1.0,0,0
core:src/test/java/io/questdb/test/griffin/engine/functions/catalogue/CursorDereferenceFunctionFactoryTest.java,2,0.0,0.0,2.0,0,0
core:src/test/java/io/questdb/test/griffin/engine/functions/catalogue/FlushQueryCacheTest.java,2,0.0,0.0,2.0,0,0
core:src/test/java/io/questdb/test/griffin/engine/functions/catalogue/PgAttrDefFunctionFactoryTest.java,2,0.0,0.0,2.0,0,0
core:src/test/java/io/questdb/test/griffin/engine/functions/catalogue/PgAttributeFunctionFactoryTest.java,54,0.0,0.0,54.0,0,0
core:src/test/java/io/questdb/test/griffin/engine/functions/catalogue/PrefixedPgClassFunctionFactoryTest.java,6,0.0,0.0,6.0,0,0
core:src/test/java/io/questdb/test/griffin/engine/functions/catalogue/StringToStringArrayFunctionTest.java,5,0.0,0.0,5.0,0,0
core:src/test/java/io/questdb/test/griffin/engine/functions/catalogue/TableListFunctionFactoryTest.java,4,0.0,0.0,4.0,0,0
core:src/test/java/io/questdb/test/griffin/engine/functions/catalogue/TypeOfFunctionFactoryTest.java,1,0.0,0.0,1.0,0,0
core:src/test/java/io/questdb/test/griffin/engine/functions/conditional/CaseFunctionFactoryTest.java,54,0.0,0.0,54.0,0,0
core:src/test/java/io/questdb/test/griffin/engine/functions/conditional/CoalesceFunctionFactoryTest.java,22,0.0,0.0,22.0,0,0
core:src/test/java/io/questdb/test/griffin/engine/functions/conditional/NullIfFunctionFactoryTest.java,5,0.0,0.0,5.0,0,0
core:src/test/java/io/questdb/test/griffin/engine/functions/conditional/SwitchFunctionFactoryTest.java,51,0.0,0.0,51.0,0,0
core:src/test/java/io/questdb/test/griffin/engine/functions/date/DateTruncFunctionFactoryTest.java,10,0.0,0.0,10.0,0,0
core:src/test/java/io/questdb/test/griffin/engine/functions/date/ExtractFunctionTest.java,3,0.0,0.0,3.0,0,0
core:src/test/java/io/questdb/test/griffin/engine/functions/date/MicrosOfSecondFunctionFactoryTest.java,1,0.0,0.0,1.0,0,0
core:src/test/java/io/questdb/test/griffin/engine/functions/date/MinuteFunctionFactoryTest.java,1,0.0,0.0,1.0,0,0
core:src/test/java/io/questdb/test/griffin/engine/functions/date/MonthOfYearFunctionFactoryTest.java,1,0.0,0.0,1.0,0,0
core:src/test/java/io/questdb/test/griffin/engine/functions/date/SecondOfMinuteFunctionFactoryTest.java,1,0.0,0.0,1.0,0,0
core:src/test/java/io/questdb/test/griffin/engine/functions/date/TimestampAddFunctionFactoryTest.java,1,0.0,0.0,1.0,0,0
core:src/test/java/io/questdb/test/griffin/engine/functions/date/TimestampAtTimeZoneTest.java,2,0.0,0.0,2.0,0,0
core:src/test/java/io/questdb/test/griffin/engine/functions/date/TimestampDiffFunctionFactoryTest.java,2,0.0,0.0,2.0,0,0
core:src/test/java/io/questdb/test/griffin/engine/functions/date/ToDateVCFunctionFactoryTest.java,1,0.0,0.0,1.0,0,0
core:src/test/java/io/questdb/test/griffin/engine/functions/date/ToTimestampVCFunctionFactoryTest.java,1,0.0,0.0,1.0,0,0
core:src/test/java/io/questdb/test/griffin/engine/functions/date/YearFunctionFactoryTest.java,1,0.0,0.0,1.0,0,0
core:src/test/java/io/questdb/test/griffin/engine/functions/eq/EqGeoHashGeoHashFunctionFactoryTest.java,2,0.0,1.0,1.0,0,0
core:src/test/java/io/questdb/test/griffin/engine/functions/eq/EqGeoHashStrFunctionFactoryTest.java,7,0.0,0.0,7.0,0,0
core:src/test/java/io/questdb/test/griffin/engine/functions/eq/EqLong256FunctionFactoryTest.java,2,0.0,0.0,2.0,0,0
core:src/test/java/io/questdb/test/griffin/engine/functions/eq/EqLong256StrFunctionFactoryTest.java,1,0.0,0.0,1.0,0,0
core:src/test/java/io/questdb/test/griffin/engine/functions/eq/EqStrCharFunctionTest.java,10,0.0,0.0,10.0,0,0
core:src/test/java/io/questdb/test/griffin/engine/functions/eq/EqStrFunctionFactoryTest.java,8,0.0,0.0,8.0,0,0
core:src/test/java/io/questdb/test/griffin/engine/functions/eq/EqTimestampStrFunctionFactoryTest.java,3,0.0,0.0,3.0,0,0
core:src/test/java/io/questdb/test/griffin/engine/functions/eq/NotEqStrFunctionFactoryTest.java,16,0.0,0.0,16.0,0,0
core:src/test/java/io/questdb/test/griffin/engine/functions/geohash/GeoHashFromCoordinatesFunctionFactoryTest.java,1,0.0,0.0,1.0,0,0
core:src/test/java/io/questdb/test/griffin/engine/functions/geohash/GeoHashNativeTest.java,1,1.0,0.0,0.0,0,0
core:src/test/java/io/questdb/test/griffin/engine/functions/geohash/GeoHashQueryTest.java,18,0.0,2.0,16.0,0,0
core:src/test/java/io/questdb/test/griffin/engine/functions/groupby/AvgDoubleVecGroupByFunctionFactoryTest.java,2,0.0,0.0,2.0,0,0
core:src/test/java/io/questdb/test/griffin/engine/functions/groupby/AvgIntVecGroupByFunctionFactoryTest.java,1,0.0,0.0,1.0,0,0
core:src/test/java/io/questdb/test/griffin/engine/functions/groupby/AvgLongVecGroupByFunctionFactoryTest.java,1,0.0,0.0,1.0,0,0
core:src/test/java/io/questdb/test/griffin/engine/functions/groupby/CountDistinctIntGroupByFunctionFactoryTest.java,3,0.0,0.0,3.0,0,0
core:src/test/java/io/questdb/test/griffin/engine/functions/groupby/CountDistinctLongGroupByFunctionFactoryTest.java,3,0.0,0.0,3.0,0,0
core:src/test/java/io/questdb/test/griffin/engine/functions/groupby/CountLong256GroupByFunctionFactoryTest.java,3,0.0,0.0,3.0,0,0
core:src/test/java/io/questdb/test/griffin/engine/functions/groupby/CountStringGroupByFunctionFactoryTest.java,2,0.0,0.0,2.0,0,0
core:src/test/java/io/questdb/test/griffin/engine/functions/groupby/CountSymbolGroupByFunctionFactoryTest.java,13,0.0,0.0,13.0,0,0
core:src/test/java/io/questdb/test/griffin/engine/functions/groupby/FirstDateGroupByFunctionFactoryTest.java,6,0.0,4.0,2.0,0,0
core:src/test/java/io/questdb/test/griffin/engine/functions/groupby/FirstDoubleGroupByFunctionFactoryTest.java,5,0.0,3.0,2.0,0,0
core:src/test/java/io/questdb/test/griffin/engine/functions/groupby/FirstIntGroupByFunctionFactoryTest.java,6,0.0,4.0,2.0,0,0
core:src/test/java/io/questdb/test/griffin/engine/functions/groupby/FirstLongGroupByFunctionFactoryTest.java,6,0.0,4.0,2.0,0,0
core:src/test/java/io/questdb/test/griffin/engine/functions/groupby/FirstTimestampGroupByFunctionFactoryTest.java,6,0.0,4.0,2.0,0,0
core:src/test/java/io/questdb/test/griffin/engine/functions/groupby/HaversineDistDegreeGroupByFunctionFactoryTest.java,29,1.0,14.0,13.0,0,0
core:src/test/java/io/questdb/test/griffin/engine/functions/groupby/LastDateGroupByFunctionFactoryTest.java,5,0.0,3.0,2.0,0,0
core:src/test/java/io/questdb/test/griffin/engine/functions/groupby/LastDoubleGroupByFunctionFactoryTest.java,2,0.0,2.0,0.0,0,0
core:src/test/java/io/questdb/test/griffin/engine/functions/groupby/LastIntGroupByFunctionFactoryTest.java,5,0.0,3.0,2.0,0,0
core:src/test/java/io/questdb/test/griffin/engine/functions/groupby/LastLongGroupByFunctionFactoryTest.java,5,0.0,3.0,2.0,0,0
core:src/test/java/io/questdb/test/griffin/engine/functions/groupby/LastTimestampGroupByFunctionFactoryTest.java,5,0.0,3.0,2.0,0,0
core:src/test/java/io/questdb/test/griffin/engine/functions/groupby/MaxDateVecGroupByFunctionFactoryTest.java,1,0.0,0.0,1.0,0,0
core:src/test/java/io/questdb/test/griffin/engine/functions/groupby/MaxDoubleGroupByFunctionFactoryTest.java,10,0.0,3.0,7.0,0,0
core:src/test/java/io/questdb/test/griffin/engine/functions/groupby/MaxDoubleVecGroupByFunctionFactoryTest.java,1,0.0,0.0,1.0,0,0
core:src/test/java/io/questdb/test/griffin/engine/functions/groupby/MaxIntVecGroupByFunctionFactoryTest.java,1,0.0,0.0,1.0,0,0
core:src/test/java/io/questdb/test/griffin/engine/functions/groupby/MaxLongVecGroupByFunctionFactoryTest.java,1,0.0,0.0,1.0,0,0
core:src/test/java/io/questdb/test/griffin/engine/functions/groupby/MaxStrGroupByFunctionFactoryTest.java,2,0.0,0.0,2.0,0,0
core:src/test/java/io/questdb/test/griffin/engine/functions/groupby/MaxTimestampVecGroupByFunctionFactoryTest.java,1,0.0,0.0,1.0,0,0
core:src/test/java/io/questdb/test/griffin/engine/functions/groupby/MinCharGroupByFunctionFactoryTest.java,5,0.0,3.0,2.0,0,0
core:src/test/java/io/questdb/test/griffin/engine/functions/groupby/MinDateVecGroupByFunctionFactoryTest.java,2,0.0,0.0,2.0,0,0
core:src/test/java/io/questdb/test/griffin/engine/functions/groupby/MinDoubleGroupByFunctionFactoryTest.java,5,0.0,3.0,2.0,0,0
core:src/test/java/io/questdb/test/griffin/engine/functions/groupby/MinDoubleVecGroupByFunctionFactoryTest.java,1,0.0,0.0,1.0,0,0
core:src/test/java/io/questdb/test/griffin/engine/functions/groupby/MinFloatGroupByFunctionFactoryTest.java,5,0.0,3.0,2.0,0,0
core:src/test/java/io/questdb/test/griffin/engine/functions/groupby/MinIntGroupByFunctionFactoryTest.java,6,0.0,4.0,2.0,0,0
core:src/test/java/io/questdb/test/griffin/engine/functions/groupby/MinIntVecGroupByFunctionFactoryTest.java,2,0.0,0.0,2.0,0,0
core:src/test/java/io/questdb/test/griffin/engine/functions/groupby/MinLongGroupByFunctionFactoryTest.java,6,0.0,4.0,2.0,0,0
core:src/test/java/io/questdb/test/griffin/engine/functions/groupby/MinLongVecGroupByFunctionFactoryTest.java,2,0.0,0.0,2.0,0,0
core:src/test/java/io/questdb/test/griffin/engine/functions/groupby/MinStrGroupByFunctionFactoryTest.java,2,0.0,0.0,2.0,0,0
core:src/test/java/io/questdb/test/griffin/engine/functions/groupby/MinTimestampVecGroupByFunctionFactoryTest.java,2,0.0,0.0,2.0,0,0
core:src/test/java/io/questdb/test/griffin/engine/functions/groupby/StdDevSampleGroupByFunctionFactoryTest.java,3,0.0,0.0,3.0,0,0
core:src/test/java/io/questdb/test/griffin/engine/functions/groupby/StringAggGroupByFunctionFactoryTest.java,1,0.0,0.0,1.0,0,0
core:src/test/java/io/questdb/test/griffin/engine/functions/groupby/SumDateVecGroupByFunctionFactoryTest.java,1,0.0,0.0,1.0,0,0
core:src/test/java/io/questdb/test/griffin/engine/functions/groupby/SumDoubleVecGroupByFunctionFactoryTest.java,1,0.0,0.0,1.0,0,0
core:src/test/java/io/questdb/test/griffin/engine/functions/groupby/SumIntVecGroupByFunctionFactoryTest.java,1,0.0,0.0,1.0,0,0
core:src/test/java/io/questdb/test/griffin/engine/functions/groupby/SumLongVecGroupByFunctionFactoryTest.java,1,0.0,0.0,1.0,0,0
core:src/test/java/io/questdb/test/griffin/engine/functions/groupby/SumTimestampVecGroupByFunctionFactoryTest.java,1,0.0,0.0,1.0,0,0
core:src/test/java/io/questdb/test/griffin/engine/functions/lt/LtLong256FunctionFactoryTest.java,6,0.0,0.0,6.0,0,0
core:src/test/java/io/questdb/test/griffin/engine/functions/lt/LtTimestampFunctionFactoryTest.java,6,0.0,0.0,6.0,0,0
core:src/test/java/io/questdb/test/griffin/engine/functions/math/AddLong256FunctionFactoryTest.java,2,0.0,1.0,1.0,0,0
core:src/test/java/io/questdb/test/griffin/engine/functions/math/CeilFunctionFactoryTest.java,1,0.0,0.0,1.0,0,0
core:src/test/java/io/questdb/test/griffin/engine/functions/math/CeilingFunctionFactoryTest.java,1,0.0,0.0,1.0,0,0
core:src/test/java/io/questdb/test/griffin/engine/functions/math/FloorFunctionFactoryTest.java,1,0.0,0.0,1.0,0,0
core:src/test/java/io/questdb/test/griffin/engine/functions/math/RoundDoubleFunctionFactoryConstTest.java,1,0.0,0.0,1.0,0,0
core:src/test/java/io/questdb/test/griffin/engine/functions/math/RoundDownDoubleFunctionFactoryConstTest.java,1,0.0,0.0,1.0,0,0
core:src/test/java/io/questdb/test/griffin/engine/functions/math/RoundHalfEvenDoubleFunctionFactoryConstTest.java,1,0.0,0.0,1.0,0,0
core:src/test/java/io/questdb/test/griffin/engine/functions/math/RoundUpDoubleFunctionFactoryConstTest.java,1,0.0,0.0,1.0,0,0
core:src/test/java/io/questdb/test/griffin/engine/functions/regex/ILikeFunctionFactoryTest.java,8,0.0,0.0,8.0,0,0
core:src/test/java/io/questdb/test/griffin/engine/functions/regex/LikeFunctionFactoryTest.java,11,0.0,0.0,11.0,0,0
core:src/test/java/io/questdb/test/griffin/engine/functions/regex/MatchStrFunctionFactoryTest.java,1,0.0,0.0,1.0,0,0
core:src/test/java/io/questdb/test/griffin/engine/functions/regex/NotMatchStrFunctionFactoryTest.java,1,0.0,0.0,1.0,0,0
core:src/test/java/io/questdb/test/griffin/engine/functions/rnd/RndBinCCCFunctionFactoryTest.java,1,0.0,0.0,1.0,0,0
core:src/test/java/io/questdb/test/griffin/engine/functions/rnd/RndStringRndListFunctionFactoryTest.java,15,0.0,0.0,15.0,0,0
core:src/test/java/io/questdb/test/griffin/engine/functions/rnd/RndSymbolFunctionFactoryTest.java,15,0.0,0.0,15.0,0,0
core:src/test/java/io/questdb/test/griffin/engine/functions/str/LPadStrFunctionFactoryTest.java,1,0.0,0.0,1.0,0,0
core:src/test/java/io/questdb/test/griffin/engine/functions/str/LTrimFunctionFactoryTest.java,1,0.0,0.0,1.0,0,0
core:src/test/java/io/questdb/test/griffin/engine/functions/str/LeftFunctionFactoryTest.java,2,0.0,0.0,2.0,0,0
core:src/test/java/io/questdb/test/griffin/engine/functions/str/LengthFunctionFactoryTest.java,3,0.0,0.0,3.0,0,0
core:src/test/java/io/questdb/test/griffin/engine/functions/str/LowerFunctionFactoryTest.java,1,0.0,0.0,1.0,0,0
core:src/test/java/io/questdb/test/griffin/engine/functions/str/PositionFunctionFactoryTest.java,3,0.0,0.0,3.0,0,0
core:src/test/java/io/questdb/test/griffin/engine/functions/str/RPadStrFunctionFactoryTest.java,1,0.0,0.0,1.0,0,0
core:src/test/java/io/questdb/test/griffin/engine/functions/str/ReplaceStrFunctionFactoryTest.java,2,0.0,0.0,2.0,0,0
core:src/test/java/io/questdb/test/griffin/engine/functions/str/RightFunctionFactoryTest.java,2,0.0,0.0,2.0,0,0
core:src/test/java/io/questdb/test/griffin/engine/functions/str/SplitPartCharFunctionFactoryTest.java,1,0.0,0.0,1.0,0,0
core:src/test/java/io/questdb/test/griffin/engine/functions/str/SplitPartFunctionFactoryTest.java,3,0.0,0.0,3.0,0,0
core:src/test/java/io/questdb/test/griffin/engine/functions/str/StartsWithStrFunctionFactoryTest.java,2,0.0,0.0,2.0,0,0
core:src/test/java/io/questdb/test/griffin/engine/functions/str/StrPosFunctionFactoryTest.java,3,0.0,0.0,3.0,0,0
core:src/test/java/io/questdb/test/griffin/engine/functions/str/ToLowercaseFunctionFactoryTest.java,1,0.0,0.0,1.0,0,0
core:src/test/java/io/questdb/test/griffin/engine/functions/str/ToUppercaseFunctionFactoryTest.java,1,0.0,0.0,1.0,0,0
core:src/test/java/io/questdb/test/griffin/engine/functions/str/TrimFunctionFactoryTest.java,1,0.0,0.0,1.0,0,0
core:src/test/java/io/questdb/test/griffin/engine/functions/str/UpperFunctionFactoryTest.java,1,0.0,0.0,1.0,0,0
core:src/test/java/io/questdb/test/griffin/engine/groupby/CountColumnTest.java,41,0.0,0.0,41.0,0,0
core:src/test/java/io/questdb/test/griffin/engine/groupby/CountTest.java,18,0.0,0.0,18.0,0,0
core:src/test/java/io/questdb/test/griffin/engine/groupby/GroupByFunctionCaseTest.java,8,0.0,0.0,8.0,0,0
core:src/test/java/io/questdb/test/griffin/engine/groupby/GroupByFunctionsUpdaterFactoryTest.java,4,0.0,3.0,1.0,0,0
core:src/test/java/io/questdb/test/griffin/engine/groupby/GroupByGeoHashTest.java,2,0.0,0.0,2.0,0,0
core:src/test/java/io/questdb/test/griffin/engine/groupby/MonthTimestampSamplerTest.java,2,0.0,0.0,2.0,0,0
core:src/test/java/io/questdb/test/griffin/engine/groupby/SampleByTest.java,379,1.0,1.0,377.0,0,0
core:src/test/java/io/questdb/test/griffin/wal/AbstractFuzzTest.java,4,3.0,0.0,1.0,0,0
core:src/test/java/io/questdb/test/griffin/wal/WalPurgeJobTest.java,1,0.0,0.0,1.0,0,0
core:src/test/java/io/questdb/test/griffin/wal/WalTableFailureTest.java,4,0.0,0.0,4.0,0,0
core:src/test/java/io/questdb/test/griffin/wal/WalTableSqlTest.java,12,0.0,0.0,12.0,0,0
core:src/test/java/io/questdb/test/griffin/wal/WalWriterFuzzTest.java,4,1.0,1.0,2.0,0,0
core:src/test/java/io/questdb/test/log/LogRecordSinkTest.java,3,0.0,3.0,0.0,0,0
core:src/test/java/io/questdb/test/tools/TestUtils.java,13,0.0,12.0,1.0,0,0
io/questdb/FactoryProviderFactoryImpl.java,0,0,0,0,1,1
io/questdb/FactoryProvider.java,0,0,0,0,0,5
io/questdb/std/LongVec.java,0,0,0,0,0,4
io/questdb/std/IOURing.java,0,0,0,0,0,8
io/questdb/cutlass/auth/AuthenticatorFactory.java,0,0,0,0,0,0
io/questdb/cutlass/auth/DefaultAuthenticatorFactory.java,0,0,0,0,1,1
io/questdb/cutlass/auth/EllipticCurveAuthenticatorFactory.java,0,0,0,0,2,1
io/questdb/cutlass/http/HttpRequestProcessorFactory.java,0,0,0,0,0,1
io/questdb/cutlass/Services.java,0,0,0,0,0,4
io/questdb/cutlass/http/HttpRequestProcessorSelector.java,0,0,0,0,0,1
io/questdb/cutlass/http/DefaultHttpServerConfiguration.java,0,0,0,0,5,11
io/questdb/cutlass/http/WaitProcessorConfiguration.java,0,0,0,0,0,5
io/questdb/cairo/sql/AnalyticSPI.java,0,0,0,0,0,1
io/questdb/cairo/SymbolMapReader.java,0,0,0,0,0,4
io/questdb/cairo/sql/StaticSymbolTable.java,0,0,0,0,0,2
io/questdb/cairo/wal/MetadataService.java,0,0,0,0,0,16
io/questdb/cairo/wal/seq/MetadataServiceStub.java,0,0,0,0,0,12
io/questdb/cairo/UpdateOperator.java,0,0,0,0,0,1
io/questdb/network/PeerDisconnectedException.java,0,0,0,0,1,0
io/questdb/network/PeerIsSlowToWriteException.java,0,0,0,0,1,0
io/questdb/network/NoSpaceLeftInResponseBufferException.java,0,0,0,0,1,0
io/questdb/network/EpollFacadeImpl.java,0,0,0,0,1,8
io/questdb/network/ServerDisconnectException.java,0,0,0,0,1,0
io/questdb/network/PeerIsSlowToReadException.java,0,0,0,0,1,0
io/questdb/NullIndexFrameCursor.java,0,0,0,0,1,1
io/questdb/std/NumericException.java,0,0,0,0,1,0
io/questdb/std/StationaryMillisClock.java,0,0,0,0,1,1
io/questdb/std/str/StdoutSink.java,0,0,0,0,6,4
io/questdb/std/datetime/TimeZoneRuleFactory.java,0,0,0,0,5,2
io/questdb/std/datetime/DateLocaleFactory.java,0,0,0,0,5,2
io/questdb/std/ex/BytecodeException.java,0,0,0,0,1,0
io/questdb/std/ex/ZLibException.java,0,0,0,0,1,0
io/questdb/cutlass/line/LineProtoMicroTimestampAdapter.java,0,0,0,0,1,2
io/questdb/cutlass/line/LineProtoHourTimestampAdapter.java,0,0,0,0,1,2
io/questdb/cutlass/line/LineProtoNanoTimestampAdapter.java,0,0,0,0,1,2
io/questdb/cutlass/line/LineProtoException.java,0,0,0,0,1,0
io/questdb/cutlass/line/LineProtoSecondTimestampAdapter.java,0,0,0,0,1,2
io/questdb/cutlass/line/udp/Utf8RepairContinue.java,0,0,0,0,1,0
io/questdb/cutlass/line/LineProtoMinuteTimestampAdapter.java,0,0,0,0,1,2
io/questdb/cutlass/line/LineProtoMilliTimestampAdapter.java,0,0,0,0,1,2
io/questdb/cutlass/auth/AnonymousAuthenticator.java,0,0,0,0,1,6
io/questdb/cutlass/auth/AuthenticatorException.java,0,0,0,0,1,0
io/questdb/cutlass/text/Utf8Exception.java,0,0,0,0,1,0
io/questdb/cutlass/text/types/IntAdapter.java,0,0,0,0,1,4
io/questdb/cutlass/text/types/BooleanAdapter.java,0,0,0,0,1,3
io/questdb/cutlass/text/types/ShortAdapter.java,0,0,0,0,1,3
io/questdb/cutlass/text/types/DoubleAdapter.java,0,0,0,0,1,3
io/questdb/cutlass/text/types/FloatAdapter.java,0,0,0,0,1,3
io/questdb/cutlass/text/types/BadDateAdapter.java,0,0,0,0,1,3
io/questdb/cutlass/text/types/ByteAdapter.java,0,0,0,0,1,3
io/questdb/cutlass/text/types/UuidAdapter.java,0,0,0,0,1,3
io/questdb/cutlass/text/types/BadTimestampAdapter.java,0,0,0,0,1,4
io/questdb/cutlass/text/types/CharAdapter.java,0,0,0,0,1,3
io/questdb/cutlass/text/types/LongAdapter.java,0,0,0,0,1,5
io/questdb/cutlass/text/types/Long256Adapter.java,0,0,0,0,2,3
io/questdb/cutlass/http/ex/TooFewBytesReceivedException.java,0,0,0,0,1,0
io/questdb/cutlass/http/ex/BufferOverflowException.java,0,0,0,0,1,0
io/questdb/cutlass/http/ex/RetryFailedOperationException.java,0,0,0,0,1,0
io/questdb/cutlass/http/ex/RetryOperationException.java,0,0,0,0,1,0
io/questdb/cutlass/pgwire/AuthenticationException.java,0,0,0,0,1,0
io/questdb/cutlass/pgwire/BadProtocolException.java,0,0,0,0,1,0
io/questdb/mp/AlertedException.java,0,0,0,0,1,0
io/questdb/mp/NullWaitStrategy.java,0,0,0,0,1,4
io/questdb/mp/TimeoutException.java,0,0,0,0,1,0
io/questdb/BuildInformationHolder.java,0,0,0,0,6,7
io/questdb/DefaultFactoryProvider.java,0,0,0,0,1,5
io/questdb/cairo/sql/WriterOutOfDateException.java,0,0,0,0,1,0
io/questdb/cairo/sql/InvalidColumnException.java,0,0,0,0,1,0
io/questdb/cairo/pool/ex/PoolClosedException.java,0,0,0,0,1,0
io/questdb/cairo/security/AllowAllSecurityContextFactory.java,0,0,0,0,1,1
io/questdb/cairo/security/AllowAllSecurityContext.java,0,0,0,0,1,0
io/questdb/cairo/security/ReadOnlySecurityContext.java,0,0,0,0,1,33
io/questdb/cairo/security/DenyAllSecurityContext.java,0,0,0,0,1,2
io/questdb/cairo/DefaultLifecycleManager.java,0,0,0,0,1,1
io/questdb/cairo/vm/NullMemoryMR.java,0,0,0,0,1,33
io/questdb/cairo/vm/api/NullMemory.java,0,0,0,0,1,68
io/questdb/cairo/AlterTableContextException.java,0,0,0,0,1,0
io/questdb/cairo/wal/BasicWalInitializerFactory.java,0,0,0,0,1,1
io/questdb/cairo/wal/BasicWalInitializer.java,0,0,0,0,1,1
io/questdb/log/NullLogRecord.java,0,0,0,0,1,23
io/questdb/griffin/EmptyRecordMetadata.java,0,0,0,0,1,1
io/questdb/griffin/AnyRecordMetadata.java,0,0,0,0,1,2
io/questdb/griffin/engine/EmptyTableRecordCursor.java,0,0,0,0,2,7
io/questdb/griffin/engine/EmptyTableNoSizeRecordCursor.java,0,0,0,0,2,6
io/questdb/griffin/engine/table/NoMoreFramesException.java,0,0,0,0,1,0
io/questdb/griffin/engine/functions/constants/LongTypeConstant.java,0,0,0,0,1,1
io/questdb/griffin/engine/functions/constants/DoubleTypeConstant.java,0,0,0,0,1,1
io/questdb/griffin/engine/functions/constants/Long128Constant.java,0,0,0,0,3,3
io/questdb/griffin/engine/functions/constants/ByteConstant.java,0,0,0,0,2,3
io/questdb/griffin/engine/functions/constants/GeoLongConstant.java,0,0,0,0,2,2
io/questdb/griffin/engine/functions/constants/CharTypeConstant.java,0,0,0,0,1,1
io/questdb/griffin/engine/functions/constants/FloatTypeConstant.java,0,0,0,0,1,1
io/questdb/griffin/engine/functions/constants/ShortTypeConstant.java,0,0,0,0,1,1
io/questdb/griffin/engine/functions/constants/GeoShortConstant.java,0,0,0,0,2,2
io/questdb/griffin/engine/functions/constants/IntConstant.java,0,0,0,0,2,3
io/questdb/griffin/engine/functions/constants/GeoIntConstant.java,0,0,0,0,2,2
io/questdb/griffin/engine/functions/constants/ShortConstant.java,0,0,0,0,2,3
io/questdb/griffin/engine/functions/constants/TimestampTypeConstant.java,0,0,0,0,1,1
io/questdb/griffin/engine/functions/constants/ByteTypeConstant.java,0,0,0,0,1,1
io/questdb/griffin/engine/functions/constants/RegProcedureTypeConstant.java,0,0,0,0,1,1
io/questdb/griffin/engine/functions/constants/DateTypeConstant.java,0,0,0,0,1,1
io/questdb/griffin/engine/functions/constants/Long256NullConstant.java,0,0,0,0,1,2
io/questdb/griffin/engine/functions/constants/StringArrayTypeConstant.java,0,0,0,0,1,1
io/questdb/griffin/engine/functions/constants/BooleanTypeConstant.java,0,0,0,0,1,1
io/questdb/griffin/engine/functions/constants/StrTypeConstant.java,0,0,0,0,1,4
io/questdb/griffin/engine/functions/constants/IntTypeConstant.java,0,0,0,0,1,1
io/questdb/griffin/engine/functions/constants/Long256TypeConstant.java,0,0,0,0,1,3
io/questdb/griffin/engine/functions/constants/TimestampConstant.java,0,0,0,0,2,3
io/questdb/griffin/engine/functions/constants/NullConstant.java,0,0,0,0,2,39
io/questdb/griffin/engine/functions/constants/DoubleConstant.java,0,0,0,0,2,3
io/questdb/griffin/engine/functions/constants/FloatConstant.java,0,0,0,0,2,3
io/questdb/griffin/engine/functions/constants/DateConstant.java,0,0,0,0,2,3
io/questdb/griffin/engine/functions/constants/CharConstant.java,0,0,0,0,2,3
io/questdb/griffin/engine/functions/constants/RegClassTypeConstant.java,0,0,0,0,1,1
io/questdb/griffin/engine/functions/constants/UuidConstant.java,0,0,0,0,3,3
io/questdb/griffin/engine/functions/constants/UuidTypeConstant.java,0,0,0,0,1,2
io/questdb/griffin/engine/functions/constants/NullBinConstant.java,0,0,0,0,1,3
io/questdb/griffin/engine/functions/constants/GeoByteConstant.java,0,0,0,0,2,2
io/questdb/griffin/engine/functions/constants/BinTypeConstant.java,0,0,0,0,1,2
io/questdb/metrics/NullCounter.java,0,0,0,0,1,6
io/questdb/metrics/NullLongGauge.java,0,0,0,0,1,6
io/questdb/test/tools/StationaryMicrosClock.java,0,0,0,0,0,0
io/questdb/cutlass/http/HttpHeaderParser.java,0,0,0,0,32,19
io/questdb/std/Uuid.java,0,0,0,0,7,16
io/questdb/griffin/engine/functions/bind/UuidBindVariable.java,0,0,0,0,1,2
io/questdb/griffin/engine/functions/bind/Long256BindVariable.java,0,0,0,0,1,7
io/questdb/std/AtomicIntList.java,0,0,0,0,4,7
io/questdb/cairo/TableWriterMetadata.java,0,0,0,0,8,15
io/questdb/cutlass/text/CopyContext.java,0,0,0,0,5,5
io/questdb/cutlass/text/CopyRequestTask.java,0,0,0,0,10,12
io/questdb/griffin/engine/functions/bind/StrBindVariable.java,0,0,0,0,3,17
io/questdb/std/ObjHashSet.java,0,0,0,0,8,11
io/questdb/log/TemplateParser.java,0,0,0,0,9,10
io/questdb/log/HttpLogRecordSink.java,0,0,0,0,8,14
io/questdb/cairo/TableReaderRecord.java,0,0,0,0,3,33
io/questdb/cairo/wal/WalDataRecord.java,0,0,0,0,2,33
io/questdb/network/IOContextFactoryImpl.java,0,0,0,0,2,3
io/questdb/griffin/engine/join/LongChain.java,0,0,0,0,2,4
io/questdb/test/log/LogAlertSocketTest.java,0,0,0,0,0,0
io/questdb/griffin/engine/functions/rnd/RndStrFunction.java,0,0,0,0,4,3
io/questdb/std/IntStack.java,0,0,0,0,7,9
io/questdb/griffin/engine/analytic/AnalyticContextImpl.java,0,0,0,0,6,8
io/questdb/cairo/wal/WalWriterMetadata.java,0,0,0,0,7,13
io/questdb/test/cutlass/text/SqlExecutionContextStub.java,0,0,0,0,0,0
io/questdb/cairo/AbstractFullDataFrameCursor.java,0,0,0,0,4,4
io/questdb/std/ObjStack.java,0,0,0,0,6,8
io/questdb/std/IntLongPriorityQueue.java,0,0,0,0,3,7
io/questdb/griffin/engine/table/LatestByValueIndexedRowCursorFactory.java,0,0,0,0,4,3
io/questdb/griffin/engine/table/BwdDataFrameRowCursorFactory.java,0,0,0,0,1,2
io/questdb/griffin/engine/table/DataFrameRowCursorFactory.java,0,0,0,0,1,2
io/questdb/cairo/wal/seq/SequencerMetadata.java,0,0,0,0,8,17
io/questdb/mp/MCSequence.java,0,0,0,0,0,2
io/questdb/mp/MPSequence.java,0,0,0,0,1,1
io/questdb/cairo/vm/api/MemoryCMARW.java,0,0,0,0,0,0
io/questdb/test/fuzz/FuzzInsertOperation.java,0,0,0,0,0,0
io/questdb/std/ByteCharSequenceIntHashMap.java,0,0,0,0,11,15
io/questdb/cairo/vm/api/MemoryMAR.java,0,0,0,0,0,2
io/questdb/cairo/frm/file/ContiguousFileColumnPool.java,0,0,0,0,1,3
io/questdb/test/griffin/RpnBuilder.java,0,0,0,0,0,0
io/questdb/cairo/map/CompactMapRecord.java,0,0,0,0,6,24
io/questdb/griffin/engine/table/SymbolIndexFilteredRowCursorFactory.java,0,0,0,0,2,6
io/questdb/cairo/wal/WalEventCursor.java,0,0,0,0,9,7
io/questdb/cairo/wal/SymbolMapDiffImpl.java,0,0,0,0,8,4
io/questdb/test/cutlass/pgwire/PGQuerySuspendabilityTest.java,0,0,0,0,0,0
io/questdb/cairo/vm/MemoryFCRImpl.java,0,0,0,0,0,3
io/questdb/cutlass/line/tcp/StaticPublicKeyRepo.java,0,0,0,0,2,0
io/questdb/griffin/ExpressionTreeBuilder.java,0,0,0,0,3,0
io/questdb/griffin/engine/ops/DoneOperationFuture.java,0,0,0,0,1,7
io/questdb/cairo/wal/seq/EmptyOperationCursor.java,0,0,0,0,1,5
io/questdb/std/str/DirectCharSequence.java,0,0,0,0,3,5
io/questdb/cairo/AbstractDataFrameCursorFactory.java,0,0,0,0,3,4
io/questdb/cairo/ptt/IsoWeekPartitionFormat.java,0,0,0,0,0,3
io/questdb/griffin/engine/table/VirtualFunctionDirectSymbolRecordCursor.java,0,0,0,0,0,0
io/questdb/griffin/engine/groupby/VirtualFunctionSkewedSymbolRecordCursor.java,0,0,0,0,1,2
io/questdb/test/griffin/CompiledFilterRegressionTest.java,0,0,0,0,0,0
io/questdb/test/cutlass/text/CairoConfigurationWrapper.java,0,0,0,0,0,0
io/questdb/cairo/DefaultCairoConfiguration.java,0,0,0,0,12,182
io/questdb/griffin/engine/table/FilteredRecordCursorFactory.java,0,0,0,0,3,6
io/questdb/griffin/engine/functions/groupby/LastSymbolGroupByFunction.java,0,0,0,0,0,2
io/questdb/griffin/engine/functions/constants/SymbolConstant.java,0,0,0,0,5,9
io/questdb/griffin/engine/functions/GroupByFunction.java,0,0,0,0,0,16
io/questdb/griffin/engine/functions/groupby/InterpolationGroupByFunction.java,0,0,0,0,7,40
io/questdb/griffin/engine/functions/groupby/CountLongConstGroupByFunction.java,0,0,0,0,1,9
io/questdb/griffin/engine/functions/groupby/AbstractCountGroupByFunction.java,0,0,0,0,2,8
io/questdb/mp/Barrier.java,0,0,0,0,0,8
io/questdb/cairo/TxReader.java,0,0,0,0,39,55
io/questdb/std/Numbers.java,0,0,0,0,29,75
io/questdb/mp/WorkerCleaner.java,0,0,0,0,0,1
io/questdb/griffin/engine/functions/bind/NamedParameterLinkFunction.java,0,0,0,0,3,33
io/questdb/griffin/engine/functions/date/OffsetTimestampFunctionFromOffset.java,0,0,0,0,2,2
io/questdb/griffin/engine/functions/str/TrimFunction.java,0,0,0,0,4,4
io/questdb/griffin/engine/functions/conditional/BinCaseFunction.java,0,0,0,0,2,1
io/questdb/griffin/engine/functions/conditional/BooleanCaseFunction.java,0,0,0,0,2,1
io/questdb/griffin/engine/functions/conditional/ByteCaseFunction.java,0,0,0,0,2,1
io/questdb/griffin/engine/functions/conditional/CharCaseFunction.java,0,0,0,0,2,1
io/questdb/griffin/engine/functions/conditional/DateCaseFunction.java,0,0,0,0,2,1
io/questdb/griffin/engine/functions/conditional/DoubleCaseFunction.java,0,0,0,0,2,1
io/questdb/griffin/engine/functions/conditional/FloatCaseFunction.java,0,0,0,0,2,1
io/questdb/griffin/engine/functions/conditional/GeoByteCaseFunction.java,0,0,0,0,2,1
io/questdb/griffin/engine/functions/conditional/GeoIntCaseFunction.java,0,0,0,0,2,1
io/questdb/griffin/engine/functions/conditional/GeoLongCaseFunction.java,0,0,0,0,2,1
io/questdb/griffin/engine/functions/conditional/GeoShortCaseFunction.java,0,0,0,0,2,1
io/questdb/griffin/engine/functions/conditional/IntCaseFunction.java,0,0,0,0,2,1
io/questdb/griffin/engine/functions/conditional/Long128CaseFunction.java,0,0,0,0,2,1
io/questdb/griffin/engine/functions/conditional/Long256CaseFunction.java,0,0,0,0,2,1
io/questdb/griffin/engine/functions/conditional/LongCaseFunction.java,0,0,0,0,2,1
io/questdb/griffin/engine/functions/conditional/ShortCaseFunction.java,0,0,0,0,2,1
io/questdb/griffin/engine/functions/conditional/StrCaseFunction.java,0,0,0,0,2,1
io/questdb/griffin/engine/functions/conditional/TimestampCaseFunction.java,0,0,0,0,2,1
io/questdb/griffin/engine/functions/conditional/UuidCaseFunction.java,0,0,0,0,2,1
io/questdb/cairo/wal/WalEventReader.java,0,0,0,0,4,1
io/questdb/griffin/FunctionFactoryDescriptor.java,0,0,0,0,8,11
io/questdb/test/griffin/AbstractO3Test.java,0,0,0,0,0,0
io/questdb/griffin/SqlParser.java,0,0,0,0,32,1
io/questdb/griffin/engine/join/AsOfJoinLightRecordCursorFactory.java,0,0,0,0,11,3
io/questdb/griffin/engine/join/LtJoinLightRecordCursorFactory.java,0,0,0,0,11,3
io/questdb/griffin/engine/join/SpliceJoinLightRecordCursorFactory.java,0,0,0,0,22,3
io/questdb/griffin/engine/functions/GenericRecordCursorFactory.java,0,0,0,0,2,2
io/questdb/test/jit/CompiledFilterIRSerializerTest.java,0,0,0,0,0,0
io/questdb/griffin/engine/union/ExceptCastRecordCursor.java,0,0,0,0,6,5
io/questdb/griffin/engine/union/ExceptRecordCursor.java,0,0,0,0,6,7
io/questdb/griffin/engine/union/IntersectCastRecordCursor.java,0,0,0,0,6,5
io/questdb/griffin/engine/union/IntersectRecordCursor.java,0,0,0,0,6,7
io/questdb/griffin/engine/union/UnionAllRecordCursor.java,0,0,0,0,4,4
io/questdb/cairo/sql/TableRecordMetadata.java,0,0,0,0,0,6
io/questdb/cutlass/text/types/InputFormatConfiguration.java,0,0,0,0,30,11
io/questdb/cutlass/line/tcp/LineTcpParser.java,0,0,0,0,52,12
io/questdb/cutlass/line/tcp/IOTableUpdateDetailsPool.java,0,0,0,0,7,3
io/questdb/cairo/DebugUtils.java,0,0,0,0,1,1
io/questdb/cairo/O3Utils.java,0,0,0,0,1,1
io/questdb/cairo/TableUtils.java,0,0,0,0,82,77
io/questdb/cairo/mig/EngineMigration.java,0,0,0,0,2,0
io/questdb/cairo/mig/Mig607.java,0,0,0,0,6,1
io/questdb/cairo/mig/Mig609.java,0,0,0,0,3,0
io/questdb/cairo/mig/Mig614.java,0,0,0,0,3,0
io/questdb/cairo/mig/Mig620.java,0,0,0,0,31,0
io/questdb/cairo/mig/Mig702.java,0,0,0,0,12,1
io/questdb/cutlass/text/TextDelimiterScanner.java,0,0,0,0,11,1
io/questdb/std/BytecodeAssembler.java,0,0,0,0,49,100
io/questdb/test/TestListener.java,0,0,0,0,0,0
io/questdb/test/log/MockAlertTarget.java,0,0,0,0,0,0
io/questdb/std/datetime/microtime/TimestampFormatUtils.java,0,0,0,0,36,27
io/questdb/std/datetime/millitime/DateFormatUtils.java,0,0,0,0,15,20
io/questdb/griffin/SqlUtil.java,0,0,0,0,6,40
io/questdb/cutlass/pgwire/PGWireServer.java,0,0,0,0,5,2
io/questdb/test/mp/OneToOnePerformanceTest.java,0,0,0,0,0,0
io/questdb/test/mp/WorkerPoolOneToThreePerformanceTest.java,0,0,0,0,0,0
io/questdb/test/cairo/CairoTestConfiguration.java,0,0,0,0,0,0
io/questdb/test/cairo/ConfigurationOverrides.java,0,0,0,0,0,0
io/questdb/griffin/CharacterStore.java,0,0,0,0,6,8
io/questdb/cairo/vm/MemoryCARWImpl.java,0,0,0,0,6,14
io/questdb/cairo/vm/MemoryCMARWImpl.java,0,0,0,0,7,20
io/questdb/cairo/vm/MemoryCMORImpl.java,0,0,0,0,3,8
io/questdb/cairo/vm/MemoryCMRImpl.java,0,0,0,0,3,5
io/questdb/test/cairo/LogRecordSinkAdapter.java,0,0,0,0,0,0
io/questdb/log/LogRecord.java,0,0,0,0,0,23
io/questdb/ServerConfiguration.java,0,0,0,0,0,11
io/questdb/griffin/engine/table/AsyncJitFilteredRecordCursorFactory.java,0,0,0,0,12,7
io/questdb/griffin/engine/table/DeferredSingleSymbolFilterDataFrameRecordCursorFactory.java,0,0,0,0,5,4
io/questdb/std/ReadOnlyObjList.java,0,0,0,0,0,6
io/questdb/cutlass/text/TextConfiguration.java,0,0,0,0,0,14
io/questdb/cutlass/line/udp/LineUdpLexer.java,0,0,0,0,17,4
io/questdb/cutlass/line/udp/LineUdpParser.java,0,0,0,0,9,3
io/questdb/griffin/engine/functions/bind/BinBindVariable.java,0,0,0,0,1,4
io/questdb/std/BinarySequence.java,0,0,0,0,0,3
io/questdb/cairo/TableNameRegistry.java,0,0,0,0,1,16
io/questdb/cutlass/http/HttpContextConfiguration.java,0,0,0,0,0,15
io/questdb/griffin/engine/join/NestedLoopLeftJoinRecordCursorFactory.java,0,0,0,0,5,3
io/questdb/griffin/engine/table/LatestByValueRecordCursor.java,0,0,0,0,6,5
io/questdb/griffin/engine/table/LatestByValuesIndexedRecordCursor.java,0,0,0,0,9,5
io/questdb/cutlass/text/types/DateAdapter.java,0,0,0,0,2,5
io/questdb/cutlass/text/types/DateUtf8Adapter.java,0,0,0,0,3,3
io/questdb/cutlass/text/types/TimestampAdapter.java,0,0,0,0,2,3
io/questdb/cairo/sql/DataFrame.java,0,0,0,0,0,4
io/questdb/tasks/LatestByTask.java,0,0,0,0,16,1
io/questdb/mp/CountDownLatchSPI.java,0,0,0,0,0,1
io/questdb/cutlass/line/tcp/NetworkIOJob.java,0,0,0,0,0,6
io/questdb/cutlass/text/types/OtherToTimestampAdapter.java,0,0,0,0,1,5
io/questdb/cutlass/text/types/TimestampCompatibleAdapter.java,0,0,0,0,0,1
io/questdb/cairo/TableWriterMetrics.java,0,0,0,0,5,3
io/questdb/cutlass/http/processors/JsonQueryMetrics.java,0,0,0,0,3,3
io/questdb/cutlass/pgwire/PgWireAuthenticator.java,0,0,0,0,0,0
io/questdb/test/AbstractTest.java,0,0,0,0,0,0
io/questdb/test/cutlass/line/tcp/AbstractLineTcpReceiverTest.java,0,0,0,0,0,0
io/questdb/cairo/sql/SqlExecutionCircuitBreakerConfiguration.java,0,0,0,0,0,7
io/questdb/std/SelfReturningObjectFactory.java,0,0,0,0,0,1
io/questdb/cairo/sql/SingleSymbolFilter.java,0,0,0,0,0,2
io/questdb/cutlass/http/processors/PrometheusMetricsProcessor.java,0,0,0,0,2,0
io/questdb/cairo/sql/AsyncWriterCommand.java,0,0,0,0,0,12
io/questdb/std/Unsafe.java,0,0,0,0,16,25
io/questdb/TelemetryConfiguration.java,0,0,0,0,0,4
io/questdb/cairo/vm/api/MemoryMAT.java,0,0,0,0,0,4
io/questdb/griffin/engine/table/DeferredSymbolIndexFilteredRowCursorFactory.java,0,0,0,0,4,6
io/questdb/griffin/engine/table/DeferredSymbolIndexRowCursorFactory.java,0,0,0,0,5,6
io/questdb/std/RostiAllocFacade.java,0,0,0,0,0,6
io/questdb/cairo/sql/RowCursorFactory.java,0,0,0,0,0,7
io/questdb/cairo/vm/MemoryPARWImpl.java,0,0,0,0,23,92
io/questdb/BuildInformation.java,0,0,0,0,0,3
io/questdb/griffin/engine/ops/CopyFactory.java,0,0,0,0,14,2
io/questdb/metrics/HealthMetrics.java,0,0,0,0,0,2
io/questdb/ServerMain.java,0,0,0,0,8,10
io/questdb/cairo/IndexFrameCursor.java,0,0,0,0,0,1
io/questdb/cairo/TableNameRegistryRO.java,0,0,0,0,7,6
io/questdb/cairo/wal/WalInitializer.java,0,0,0,0,0,1
io/questdb/cairo/IntervalBwdDataFrameCursor.java,0,0,0,0,1,1
io/questdb/cutlass/auth/PublicKeyRepo.java,0,0,0,0,0,1
io/questdb/cutlass/line/LineProtoTimestampAdapter.java,0,0,0,0,0,2
io/questdb/network/SelectFacade.java,0,0,0,0,0,1
io/questdb/std/datetime/TimeZoneRules.java,0,0,0,0,0,4
io/questdb/network/IODispatcherConfiguration.java,0,0,0,0,2,22
io/questdb/cairo/sql/DataFrameCursorFactory.java,0,0,0,0,3,8
io/questdb/griffin/engine/groupby/AbstractSampleByCursor.java,0,0,0,0,11,1
io/questdb/network/IOContextFactory.java,0,0,0,0,0,2
io/questdb/cutlass/line/AbstractLineSender.java,0,0,0,0,14,26
io/questdb/test/AbstractGriffinTest.java,0,0,0,0,0,0
io/questdb/test/cutlass/line/udp/LineUdpInsertTest.java,0,0,0,0,0,0
io/questdb/WorkerPoolManager.java,0,0,0,0,5,2
io/questdb/network/SuspendEvent.java,0,0,0,0,3,8
io/questdb/network/AtomicSuspendEvent.java,0,0,0,0,1,4
io/questdb/std/AbstractLowerCaseAsciiCharSequenceHashSet.java,0,0,0,0,7,10
io/questdb/std/LowerCaseAsciiCharSequenceIntHashMap.java,0,0,0,0,3,6
io/questdb/std/LowerCaseAsciiCharSequenceObjHashMap.java,0,0,0,0,2,8
io/questdb/std/LowerCaseAsciiCharSequenceHashSet.java,0,0,0,0,1,3
io/questdb/std/WeakObjectPoolBase.java,0,0,0,0,3,2
io/questdb/std/LowerCaseCharSequenceIntHashMap.java,0,0,0,0,3,9
io/questdb/std/AbstractIntHashSet.java,0,0,0,0,8,5
io/questdb/std/IntObjHashMap.java,0,0,0,0,1,9
io/questdb/std/CompactIntHashSet.java,0,0,0,0,1,8
io/questdb/std/IntIntHashMap.java,0,0,0,0,2,5
io/questdb/std/AbstractLowerCaseCharSequenceHashSet.java,0,0,0,0,7,9
io/questdb/std/LowerCaseCharSequenceHashSet.java,0,0,0,0,1,6
io/questdb/std/AbstractCharSequenceHashSet.java,0,0,0,0,7,9
io/questdb/std/CompactCharSequenceHashSet.java,0,0,0,0,1,7
io/questdb/std/AbstractLongHashSet.java,0,0,0,0,8,5
io/questdb/std/LongObjHashMap.java,0,0,0,0,1,7
io/questdb/std/LongHashSet.java,0,0,0,0,2,12
io/questdb/std/LongLongHashMap.java,0,0,0,0,2,4
io/questdb/std/CompactLongHashSet.java,0,0,0,0,1,7
io/questdb/std/LongIntHashMap.java,0,0,0,0,2,5
io/questdb/std/datetime/AbstractTimeZoneRules.java,0,0,0,0,13,0
io/questdb/std/datetime/microtime/TimeZoneRulesMicros.java,0,0,0,0,0,0
io/questdb/std/datetime/millitime/TimeZoneRulesMillis.java,0,0,0,0,0,1
io/questdb/cutlass/text/GenericTextLexer.java,0,0,0,0,1,1
io/questdb/cutlass/text/CsvTextLexer.java,0,0,0,0,0,0
io/questdb/griffin/engine/groupby/vect/GroupByJob.java,0,0,0,0,0,0
io/questdb/cairo/O3CallbackJob.java,0,0,0,0,0,1
io/questdb/cairo/ColumnIndexerJob.java,0,0,0,0,0,0
io/questdb/cutlass/text/CopyJob.java,0,0,0,0,9,2
io/questdb/griffin/engine/table/LatestByAllIndexedJob.java,0,0,0,0,0,0
io/questdb/mp/SynchronizedJob.java,0,0,0,0,2,0
io/questdb/cairo/pool/MetadataPool.java,0,0,0,0,1,0
io/questdb/griffin/engine/groupby/AbstractSampleByRecordCursorFactory.java,0,0,0,0,2,3
io/questdb/griffin/engine/groupby/SampleByFillNoneRecordCursorFactory.java,0,0,0,0,1,3
io/questdb/griffin/engine/groupby/AbstractSampleByFillRecordCursorFactory.java,0,0,0,0,3,1
io/questdb/griffin/engine/groupby/AbstractSampleByNotKeyedRecordCursorFactory.java,0,0,0,0,0,1
io/questdb/griffin/engine/table/AbstractDescendingRecordListCursor.java,0,0,0,0,5,5
io/questdb/griffin/engine/table/LatestByValuesRecordCursor.java,0,0,0,0,5,2
io/questdb/griffin/engine/functions/regex/ILikeStrFunctionFactory.java,0,0,0,0,0,1
io/questdb/griffin/engine/functions/regex/LikeStrFunctionFactory.java,0,0,0,0,0,1
io/questdb/test/cutlass/line/tcp/AbstractLineTcpReceiverFuzzTest.java,0,0,0,0,0,0
io/questdb/test/cairo/TestFilesFacade.java,0,0,0,0,0,0
io/questdb/griffin/model/AnalyticColumn.java,0,0,0,0,4,5
io/questdb/cutlass/http/processors/TextImportProcessorState.java,0,0,0,0,14,2
io/questdb/cairo/pool/WriterSource.java,0,0,0,0,0,2
io/questdb/griffin/engine/groupby/DistinctKeyRecordCursorFactory.java,0,0,0,0,2,3
io/questdb/griffin/engine/functions/constants/Long256Constant.java,0,0,0,0,1,5
io/questdb/std/Long256.java,0,0,0,0,1,4
io/questdb/cairo/TableDescriptor.java,0,0,0,0,0,4
